id_sentence,id_term,term
1,1,john
1,2,paints
2,1,annie
2,2,paints
3,1,monet
3,2,paints
4,1,every
4,2,man
4,3,paints
5,1,every
5,2,woman
5,3,paints
6,1,a
6,2,man
6,3,paints
7,1,a
7,2,woman
7,3,paints
8,1,john
8,2,likes
8,3,john
9,1,john
9,2,likes
9,3,annie
10,1,john
10,2,likes
10,3,monet
11,1,john
11,2,admires
11,3,john
12,1,john
12,2,admires
12,3,annie
13,1,john
13,2,admires
13,3,monet
14,1,annie
14,2,likes
14,3,john
15,1,annie
15,2,likes
15,3,annie
16,1,annie
16,2,likes
16,3,monet
17,1,annie
17,2,admires
17,3,john
18,1,annie
18,2,admires
18,3,annie
19,1,annie
19,2,admires
19,3,monet
20,1,monet
20,2,likes
20,3,john
21,1,monet
21,2,likes
21,3,annie
22,1,monet
22,2,likes
22,3,monet
23,1,monet
23,2,admires
23,3,john
24,1,monet
24,2,admires
24,3,annie
25,1,monet
25,2,admires
25,3,monet
26,1,every
26,2,man
26,3,likes
26,4,john
27,1,every
27,2,man
27,3,likes
27,4,annie
28,1,every
28,2,man
28,3,likes
28,4,monet
29,1,every
29,2,man
29,3,admires
29,4,john
30,1,every
30,2,man
30,3,admires
30,4,annie
31,1,every
31,2,man
31,3,admires
31,4,monet
32,1,every
32,2,woman
32,3,likes
32,4,john
33,1,every
33,2,woman
33,3,likes
33,4,annie
34,1,every
34,2,woman
34,3,likes
34,4,monet
35,1,every
35,2,woman
35,3,admires
35,4,john
36,1,every
36,2,woman
36,3,admires
36,4,annie
37,1,every
37,2,woman
37,3,admires
37,4,monet
38,1,a
38,2,man
38,3,likes
38,4,john
39,1,a
39,2,man
39,3,likes
39,4,annie
40,1,a
40,2,man
40,3,likes
40,4,monet
41,1,a
41,2,man
41,3,admires
41,4,john
42,1,a
42,2,man
42,3,admires
42,4,annie
43,1,a
43,2,man
43,3,admires
43,4,monet
44,1,a
44,2,woman
44,3,likes
44,4,john
45,1,a
45,2,woman
45,3,likes
45,4,annie
46,1,a
46,2,woman
46,3,likes
46,4,monet
47,1,a
47,2,woman
47,3,admires
47,4,john
48,1,a
48,2,woman
48,3,admires
48,4,annie
49,1,a
49,2,woman
49,3,admires
49,4,monet
50,1,john
50,2,likes
50,3,every
50,4,man
51,1,john
51,2,likes
51,3,every
51,4,woman
52,1,john
52,2,likes
52,3,a
52,4,man
53,1,john
53,2,likes
53,3,a
53,4,woman
54,1,john
54,2,admires
54,3,every
54,4,man
55,1,john
55,2,admires
55,3,every
55,4,woman
56,1,john
56,2,admires
56,3,a
56,4,man
57,1,john
57,2,admires
57,3,a
57,4,woman
58,1,annie
58,2,likes
58,3,every
58,4,man
59,1,annie
59,2,likes
59,3,every
59,4,woman
60,1,annie
60,2,likes
60,3,a
60,4,man
61,1,annie
61,2,likes
61,3,a
61,4,woman
62,1,annie
62,2,admires
62,3,every
62,4,man
63,1,annie
63,2,admires
63,3,every
63,4,woman
64,1,annie
64,2,admires
64,3,a
64,4,man
65,1,annie
65,2,admires
65,3,a
65,4,woman
66,1,monet
66,2,likes
66,3,every
66,4,man
67,1,monet
67,2,likes
67,3,every
67,4,woman
68,1,monet
68,2,likes
68,3,a
68,4,man
69,1,monet
69,2,likes
69,3,a
69,4,woman
70,1,monet
70,2,admires
70,3,every
70,4,man
71,1,monet
71,2,admires
71,3,every
71,4,woman
72,1,monet
72,2,admires
72,3,a
72,4,man
73,1,monet
73,2,admires
73,3,a
73,4,woman
74,1,every
74,2,man
74,3,that
74,4,paints
74,5,paints
75,1,every
75,2,man
75,3,likes
75,4,every
75,5,man
76,1,every
76,2,man
76,3,likes
76,4,every
76,5,woman
77,1,every
77,2,man
77,3,likes
77,4,a
77,5,man
78,1,every
78,2,man
78,3,likes
78,4,a
78,5,woman
79,1,every
79,2,man
79,3,admires
79,4,every
79,5,man
80,1,every
80,2,man
80,3,admires
80,4,every
80,5,woman
81,1,every
81,2,man
81,3,admires
81,4,a
81,5,man
82,1,every
82,2,man
82,3,admires
82,4,a
82,5,woman
83,1,every
83,2,woman
83,3,that
83,4,paints
83,5,paints
84,1,every
84,2,woman
84,3,likes
84,4,every
84,5,man
85,1,every
85,2,woman
85,3,likes
85,4,every
85,5,woman
86,1,every
86,2,woman
86,3,likes
86,4,a
86,5,man
87,1,every
87,2,woman
87,3,likes
87,4,a
87,5,woman
88,1,every
88,2,woman
88,3,admires
88,4,every
88,5,man
89,1,every
89,2,woman
89,3,admires
89,4,every
89,5,woman
90,1,every
90,2,woman
90,3,admires
90,4,a
90,5,man
91,1,every
91,2,woman
91,3,admires
91,4,a
91,5,woman
92,1,a
92,2,man
92,3,that
92,4,paints
92,5,paints
93,1,a
93,2,man
93,3,likes
93,4,every
93,5,man
94,1,a
94,2,man
94,3,likes
94,4,every
94,5,woman
95,1,a
95,2,man
95,3,likes
95,4,a
95,5,man
96,1,a
96,2,man
96,3,likes
96,4,a
96,5,woman
97,1,a
97,2,man
97,3,admires
97,4,every
97,5,man
98,1,a
98,2,man
98,3,admires
98,4,every
98,5,woman
99,1,a
99,2,man
99,3,admires
99,4,a
99,5,man
100,1,a
100,2,man
100,3,admires
100,4,a
100,5,woman
101,1,a
101,2,woman
101,3,that
101,4,paints
101,5,paints
102,1,a
102,2,woman
102,3,likes
102,4,every
102,5,man
103,1,a
103,2,woman
103,3,likes
103,4,every
103,5,woman
104,1,a
104,2,woman
104,3,likes
104,4,a
104,5,man
105,1,a
105,2,woman
105,3,likes
105,4,a
105,5,woman
106,1,a
106,2,woman
106,3,admires
106,4,every
106,5,man
107,1,a
107,2,woman
107,3,admires
107,4,every
107,5,woman
108,1,a
108,2,woman
108,3,admires
108,4,a
108,5,man
109,1,a
109,2,woman
109,3,admires
109,4,a
109,5,woman
110,1,every
110,2,man
110,3,that
110,4,likes
110,5,john
110,6,paints
111,1,every
111,2,man
111,3,that
111,4,likes
111,5,annie
111,6,paints
112,1,every
112,2,man
112,3,that
112,4,likes
112,5,monet
112,6,paints
113,1,every
113,2,man
113,3,that
113,4,admires
113,5,john
113,6,paints
114,1,every
114,2,man
114,3,that
114,4,admires
114,5,annie
114,6,paints
115,1,every
115,2,man
115,3,that
115,4,admires
115,5,monet
115,6,paints
116,1,every
116,2,man
116,3,that
116,4,paints
116,5,likes
116,6,john
117,1,every
117,2,man
117,3,that
117,4,paints
117,5,likes
117,6,annie
118,1,every
118,2,man
118,3,that
118,4,paints
118,5,likes
118,6,monet
119,1,every
119,2,man
119,3,that
119,4,paints
119,5,admires
119,6,john
120,1,every
120,2,man
120,3,that
120,4,paints
120,5,admires
120,6,annie
121,1,every
121,2,man
121,3,that
121,4,paints
121,5,admires
121,6,monet
122,1,every
122,2,woman
122,3,that
122,4,likes
122,5,john
122,6,paints
123,1,every
123,2,woman
123,3,that
123,4,likes
123,5,annie
123,6,paints
124,1,every
124,2,woman
124,3,that
124,4,likes
124,5,monet
124,6,paints
125,1,every
125,2,woman
125,3,that
125,4,admires
125,5,john
125,6,paints
126,1,every
126,2,woman
126,3,that
126,4,admires
126,5,annie
126,6,paints
127,1,every
127,2,woman
127,3,that
127,4,admires
127,5,monet
127,6,paints
128,1,every
128,2,woman
128,3,that
128,4,paints
128,5,likes
128,6,john
129,1,every
129,2,woman
129,3,that
129,4,paints
129,5,likes
129,6,annie
130,1,every
130,2,woman
130,3,that
130,4,paints
130,5,likes
130,6,monet
131,1,every
131,2,woman
131,3,that
131,4,paints
131,5,admires
131,6,john
132,1,every
132,2,woman
132,3,that
132,4,paints
132,5,admires
132,6,annie
133,1,every
133,2,woman
133,3,that
133,4,paints
133,5,admires
133,6,monet
134,1,a
134,2,man
134,3,that
134,4,likes
134,5,john
134,6,paints
135,1,a
135,2,man
135,3,that
135,4,likes
135,5,annie
135,6,paints
136,1,a
136,2,man
136,3,that
136,4,likes
136,5,monet
136,6,paints
137,1,a
137,2,man
137,3,that
137,4,admires
137,5,john
137,6,paints
138,1,a
138,2,man
138,3,that
138,4,admires
138,5,annie
138,6,paints
139,1,a
139,2,man
139,3,that
139,4,admires
139,5,monet
139,6,paints
140,1,a
140,2,man
140,3,that
140,4,paints
140,5,likes
140,6,john
141,1,a
141,2,man
141,3,that
141,4,paints
141,5,likes
141,6,annie
142,1,a
142,2,man
142,3,that
142,4,paints
142,5,likes
142,6,monet
143,1,a
143,2,man
143,3,that
143,4,paints
143,5,admires
143,6,john
144,1,a
144,2,man
144,3,that
144,4,paints
144,5,admires
144,6,annie
145,1,a
145,2,man
145,3,that
145,4,paints
145,5,admires
145,6,monet
146,1,a
146,2,woman
146,3,that
146,4,likes
146,5,john
146,6,paints
147,1,a
147,2,woman
147,3,that
147,4,likes
147,5,annie
147,6,paints
148,1,a
148,2,woman
148,3,that
148,4,likes
148,5,monet
148,6,paints
149,1,a
149,2,woman
149,3,that
149,4,admires
149,5,john
149,6,paints
150,1,a
150,2,woman
150,3,that
150,4,admires
150,5,annie
150,6,paints
151,1,a
151,2,woman
151,3,that
151,4,admires
151,5,monet
151,6,paints
152,1,a
152,2,woman
152,3,that
152,4,paints
152,5,likes
152,6,john
153,1,a
153,2,woman
153,3,that
153,4,paints
153,5,likes
153,6,annie
154,1,a
154,2,woman
154,3,that
154,4,paints
154,5,likes
154,6,monet
155,1,a
155,2,woman
155,3,that
155,4,paints
155,5,admires
155,6,john
156,1,a
156,2,woman
156,3,that
156,4,paints
156,5,admires
156,6,annie
157,1,a
157,2,woman
157,3,that
157,4,paints
157,5,admires
157,6,monet
158,1,john
158,2,likes
158,3,every
158,4,man
158,5,that
158,6,paints
159,1,john
159,2,likes
159,3,every
159,4,woman
159,5,that
159,6,paints
160,1,john
160,2,likes
160,3,a
160,4,man
160,5,that
160,6,paints
161,1,john
161,2,likes
161,3,a
161,4,woman
161,5,that
161,6,paints
162,1,john
162,2,admires
162,3,every
162,4,man
162,5,that
162,6,paints
163,1,john
163,2,admires
163,3,every
163,4,woman
163,5,that
163,6,paints
164,1,john
164,2,admires
164,3,a
164,4,man
164,5,that
164,6,paints
165,1,john
165,2,admires
165,3,a
165,4,woman
165,5,that
165,6,paints
166,1,annie
166,2,likes
166,3,every
166,4,man
166,5,that
166,6,paints
167,1,annie
167,2,likes
167,3,every
167,4,woman
167,5,that
167,6,paints
168,1,annie
168,2,likes
168,3,a
168,4,man
168,5,that
168,6,paints
169,1,annie
169,2,likes
169,3,a
169,4,woman
169,5,that
169,6,paints
170,1,annie
170,2,admires
170,3,every
170,4,man
170,5,that
170,6,paints
171,1,annie
171,2,admires
171,3,every
171,4,woman
171,5,that
171,6,paints
172,1,annie
172,2,admires
172,3,a
172,4,man
172,5,that
172,6,paints
173,1,annie
173,2,admires
173,3,a
173,4,woman
173,5,that
173,6,paints
174,1,monet
174,2,likes
174,3,every
174,4,man
174,5,that
174,6,paints
175,1,monet
175,2,likes
175,3,every
175,4,woman
175,5,that
175,6,paints
176,1,monet
176,2,likes
176,3,a
176,4,man
176,5,that
176,6,paints
177,1,monet
177,2,likes
177,3,a
177,4,woman
177,5,that
177,6,paints
178,1,monet
178,2,admires
178,3,every
178,4,man
178,5,that
178,6,paints
179,1,monet
179,2,admires
179,3,every
179,4,woman
179,5,that
179,6,paints
180,1,monet
180,2,admires
180,3,a
180,4,man
180,5,that
180,6,paints
181,1,monet
181,2,admires
181,3,a
181,4,woman
181,5,that
181,6,paints
182,1,every
182,2,man
182,3,that
182,4,likes
182,5,every
182,6,man
182,7,paints
183,1,every
183,2,man
183,3,that
183,4,likes
183,5,every
183,6,woman
183,7,paints
184,1,every
184,2,man
184,3,that
184,4,likes
184,5,a
184,6,man
184,7,paints
185,1,every
185,2,man
185,3,that
185,4,likes
185,5,a
185,6,woman
185,7,paints
186,1,every
186,2,man
186,3,that
186,4,likes
186,5,john
186,6,likes
186,7,john
187,1,every
187,2,man
187,3,that
187,4,likes
187,5,john
187,6,likes
187,7,annie
188,1,every
188,2,man
188,3,that
188,4,likes
188,5,john
188,6,likes
188,7,monet
189,1,every
189,2,man
189,3,that
189,4,likes
189,5,john
189,6,admires
189,7,john
190,1,every
190,2,man
190,3,that
190,4,likes
190,5,john
190,6,admires
190,7,annie
191,1,every
191,2,man
191,3,that
191,4,likes
191,5,john
191,6,admires
191,7,monet
192,1,every
192,2,man
192,3,that
192,4,likes
192,5,annie
192,6,likes
192,7,john
193,1,every
193,2,man
193,3,that
193,4,likes
193,5,annie
193,6,likes
193,7,annie
194,1,every
194,2,man
194,3,that
194,4,likes
194,5,annie
194,6,likes
194,7,monet
195,1,every
195,2,man
195,3,that
195,4,likes
195,5,annie
195,6,admires
195,7,john
196,1,every
196,2,man
196,3,that
196,4,likes
196,5,annie
196,6,admires
196,7,annie
197,1,every
197,2,man
197,3,that
197,4,likes
197,5,annie
197,6,admires
197,7,monet
198,1,every
198,2,man
198,3,that
198,4,likes
198,5,monet
198,6,likes
198,7,john
199,1,every
199,2,man
199,3,that
199,4,likes
199,5,monet
199,6,likes
199,7,annie
200,1,every
200,2,man
200,3,that
200,4,likes
200,5,monet
200,6,likes
200,7,monet
201,1,every
201,2,man
201,3,that
201,4,likes
201,5,monet
201,6,admires
201,7,john
202,1,every
202,2,man
202,3,that
202,4,likes
202,5,monet
202,6,admires
202,7,annie
203,1,every
203,2,man
203,3,that
203,4,likes
203,5,monet
203,6,admires
203,7,monet
204,1,every
204,2,man
204,3,that
204,4,admires
204,5,every
204,6,man
204,7,paints
205,1,every
205,2,man
205,3,that
205,4,admires
205,5,every
205,6,woman
205,7,paints
206,1,every
206,2,man
206,3,that
206,4,admires
206,5,a
206,6,man
206,7,paints
207,1,every
207,2,man
207,3,that
207,4,admires
207,5,a
207,6,woman
207,7,paints
208,1,every
208,2,man
208,3,that
208,4,admires
208,5,john
208,6,likes
208,7,john
209,1,every
209,2,man
209,3,that
209,4,admires
209,5,john
209,6,likes
209,7,annie
210,1,every
210,2,man
210,3,that
210,4,admires
210,5,john
210,6,likes
210,7,monet
211,1,every
211,2,man
211,3,that
211,4,admires
211,5,john
211,6,admires
211,7,john
212,1,every
212,2,man
212,3,that
212,4,admires
212,5,john
212,6,admires
212,7,annie
213,1,every
213,2,man
213,3,that
213,4,admires
213,5,john
213,6,admires
213,7,monet
214,1,every
214,2,man
214,3,that
214,4,admires
214,5,annie
214,6,likes
214,7,john
215,1,every
215,2,man
215,3,that
215,4,admires
215,5,annie
215,6,likes
215,7,annie
216,1,every
216,2,man
216,3,that
216,4,admires
216,5,annie
216,6,likes
216,7,monet
217,1,every
217,2,man
217,3,that
217,4,admires
217,5,annie
217,6,admires
217,7,john
218,1,every
218,2,man
218,3,that
218,4,admires
218,5,annie
218,6,admires
218,7,annie
219,1,every
219,2,man
219,3,that
219,4,admires
219,5,annie
219,6,admires
219,7,monet
220,1,every
220,2,man
220,3,that
220,4,admires
220,5,monet
220,6,likes
220,7,john
221,1,every
221,2,man
221,3,that
221,4,admires
221,5,monet
221,6,likes
221,7,annie
222,1,every
222,2,man
222,3,that
222,4,admires
222,5,monet
222,6,likes
222,7,monet
223,1,every
223,2,man
223,3,that
223,4,admires
223,5,monet
223,6,admires
223,7,john
224,1,every
224,2,man
224,3,that
224,4,admires
224,5,monet
224,6,admires
224,7,annie
225,1,every
225,2,man
225,3,that
225,4,admires
225,5,monet
225,6,admires
225,7,monet
226,1,every
226,2,man
226,3,that
226,4,paints
226,5,likes
226,6,every
226,7,man
227,1,every
227,2,man
227,3,that
227,4,paints
227,5,likes
227,6,every
227,7,woman
228,1,every
228,2,man
228,3,that
228,4,paints
228,5,likes
228,6,a
228,7,man
229,1,every
229,2,man
229,3,that
229,4,paints
229,5,likes
229,6,a
229,7,woman
230,1,every
230,2,man
230,3,that
230,4,paints
230,5,admires
230,6,every
230,7,man
231,1,every
231,2,man
231,3,that
231,4,paints
231,5,admires
231,6,every
231,7,woman
232,1,every
232,2,man
232,3,that
232,4,paints
232,5,admires
232,6,a
232,7,man
233,1,every
233,2,man
233,3,that
233,4,paints
233,5,admires
233,6,a
233,7,woman
234,1,every
234,2,man
234,3,likes
234,4,every
234,5,man
234,6,that
234,7,paints
235,1,every
235,2,man
235,3,likes
235,4,every
235,5,woman
235,6,that
235,7,paints
236,1,every
236,2,man
236,3,likes
236,4,a
236,5,man
236,6,that
236,7,paints
237,1,every
237,2,man
237,3,likes
237,4,a
237,5,woman
237,6,that
237,7,paints
238,1,every
238,2,man
238,3,admires
238,4,every
238,5,man
238,6,that
238,7,paints
239,1,every
239,2,man
239,3,admires
239,4,every
239,5,woman
239,6,that
239,7,paints
240,1,every
240,2,man
240,3,admires
240,4,a
240,5,man
240,6,that
240,7,paints
241,1,every
241,2,man
241,3,admires
241,4,a
241,5,woman
241,6,that
241,7,paints
242,1,every
242,2,woman
242,3,that
242,4,likes
242,5,every
242,6,man
242,7,paints
243,1,every
243,2,woman
243,3,that
243,4,likes
243,5,every
243,6,woman
243,7,paints
244,1,every
244,2,woman
244,3,that
244,4,likes
244,5,a
244,6,man
244,7,paints
245,1,every
245,2,woman
245,3,that
245,4,likes
245,5,a
245,6,woman
245,7,paints
246,1,every
246,2,woman
246,3,that
246,4,likes
246,5,john
246,6,likes
246,7,john
247,1,every
247,2,woman
247,3,that
247,4,likes
247,5,john
247,6,likes
247,7,annie
248,1,every
248,2,woman
248,3,that
248,4,likes
248,5,john
248,6,likes
248,7,monet
249,1,every
249,2,woman
249,3,that
249,4,likes
249,5,john
249,6,admires
249,7,john
250,1,every
250,2,woman
250,3,that
250,4,likes
250,5,john
250,6,admires
250,7,annie
251,1,every
251,2,woman
251,3,that
251,4,likes
251,5,john
251,6,admires
251,7,monet
252,1,every
252,2,woman
252,3,that
252,4,likes
252,5,annie
252,6,likes
252,7,john
253,1,every
253,2,woman
253,3,that
253,4,likes
253,5,annie
253,6,likes
253,7,annie
254,1,every
254,2,woman
254,3,that
254,4,likes
254,5,annie
254,6,likes
254,7,monet
255,1,every
255,2,woman
255,3,that
255,4,likes
255,5,annie
255,6,admires
255,7,john
256,1,every
256,2,woman
256,3,that
256,4,likes
256,5,annie
256,6,admires
256,7,annie
257,1,every
257,2,woman
257,3,that
257,4,likes
257,5,annie
257,6,admires
257,7,monet
258,1,every
258,2,woman
258,3,that
258,4,likes
258,5,monet
258,6,likes
258,7,john
259,1,every
259,2,woman
259,3,that
259,4,likes
259,5,monet
259,6,likes
259,7,annie
260,1,every
260,2,woman
260,3,that
260,4,likes
260,5,monet
260,6,likes
260,7,monet
261,1,every
261,2,woman
261,3,that
261,4,likes
261,5,monet
261,6,admires
261,7,john
262,1,every
262,2,woman
262,3,that
262,4,likes
262,5,monet
262,6,admires
262,7,annie
263,1,every
263,2,woman
263,3,that
263,4,likes
263,5,monet
263,6,admires
263,7,monet
264,1,every
264,2,woman
264,3,that
264,4,admires
264,5,every
264,6,man
264,7,paints
265,1,every
265,2,woman
265,3,that
265,4,admires
265,5,every
265,6,woman
265,7,paints
266,1,every
266,2,woman
266,3,that
266,4,admires
266,5,a
266,6,man
266,7,paints
267,1,every
267,2,woman
267,3,that
267,4,admires
267,5,a
267,6,woman
267,7,paints
268,1,every
268,2,woman
268,3,that
268,4,admires
268,5,john
268,6,likes
268,7,john
269,1,every
269,2,woman
269,3,that
269,4,admires
269,5,john
269,6,likes
269,7,annie
270,1,every
270,2,woman
270,3,that
270,4,admires
270,5,john
270,6,likes
270,7,monet
271,1,every
271,2,woman
271,3,that
271,4,admires
271,5,john
271,6,admires
271,7,john
272,1,every
272,2,woman
272,3,that
272,4,admires
272,5,john
272,6,admires
272,7,annie
273,1,every
273,2,woman
273,3,that
273,4,admires
273,5,john
273,6,admires
273,7,monet
274,1,every
274,2,woman
274,3,that
274,4,admires
274,5,annie
274,6,likes
274,7,john
275,1,every
275,2,woman
275,3,that
275,4,admires
275,5,annie
275,6,likes
275,7,annie
276,1,every
276,2,woman
276,3,that
276,4,admires
276,5,annie
276,6,likes
276,7,monet
277,1,every
277,2,woman
277,3,that
277,4,admires
277,5,annie
277,6,admires
277,7,john
278,1,every
278,2,woman
278,3,that
278,4,admires
278,5,annie
278,6,admires
278,7,annie
279,1,every
279,2,woman
279,3,that
279,4,admires
279,5,annie
279,6,admires
279,7,monet
280,1,every
280,2,woman
280,3,that
280,4,admires
280,5,monet
280,6,likes
280,7,john
281,1,every
281,2,woman
281,3,that
281,4,admires
281,5,monet
281,6,likes
281,7,annie
282,1,every
282,2,woman
282,3,that
282,4,admires
282,5,monet
282,6,likes
282,7,monet
283,1,every
283,2,woman
283,3,that
283,4,admires
283,5,monet
283,6,admires
283,7,john
284,1,every
284,2,woman
284,3,that
284,4,admires
284,5,monet
284,6,admires
284,7,annie
285,1,every
285,2,woman
285,3,that
285,4,admires
285,5,monet
285,6,admires
285,7,monet
286,1,every
286,2,woman
286,3,that
286,4,paints
286,5,likes
286,6,every
286,7,man
287,1,every
287,2,woman
287,3,that
287,4,paints
287,5,likes
287,6,every
287,7,woman
288,1,every
288,2,woman
288,3,that
288,4,paints
288,5,likes
288,6,a
288,7,man
289,1,every
289,2,woman
289,3,that
289,4,paints
289,5,likes
289,6,a
289,7,woman
290,1,every
290,2,woman
290,3,that
290,4,paints
290,5,admires
290,6,every
290,7,man
291,1,every
291,2,woman
291,3,that
291,4,paints
291,5,admires
291,6,every
291,7,woman
292,1,every
292,2,woman
292,3,that
292,4,paints
292,5,admires
292,6,a
292,7,man
293,1,every
293,2,woman
293,3,that
293,4,paints
293,5,admires
293,6,a
293,7,woman
294,1,every
294,2,woman
294,3,likes
294,4,every
294,5,man
294,6,that
294,7,paints
295,1,every
295,2,woman
295,3,likes
295,4,every
295,5,woman
295,6,that
295,7,paints
296,1,every
296,2,woman
296,3,likes
296,4,a
296,5,man
296,6,that
296,7,paints
297,1,every
297,2,woman
297,3,likes
297,4,a
297,5,woman
297,6,that
297,7,paints
298,1,every
298,2,woman
298,3,admires
298,4,every
298,5,man
298,6,that
298,7,paints
299,1,every
299,2,woman
299,3,admires
299,4,every
299,5,woman
299,6,that
299,7,paints
300,1,every
300,2,woman
300,3,admires
300,4,a
300,5,man
300,6,that
300,7,paints
301,1,every
301,2,woman
301,3,admires
301,4,a
301,5,woman
301,6,that
301,7,paints
302,1,a
302,2,man
302,3,that
302,4,likes
302,5,every
302,6,man
302,7,paints
303,1,a
303,2,man
303,3,that
303,4,likes
303,5,every
303,6,woman
303,7,paints
304,1,a
304,2,man
304,3,that
304,4,likes
304,5,a
304,6,man
304,7,paints
305,1,a
305,2,man
305,3,that
305,4,likes
305,5,a
305,6,woman
305,7,paints
306,1,a
306,2,man
306,3,that
306,4,likes
306,5,john
306,6,likes
306,7,john
307,1,a
307,2,man
307,3,that
307,4,likes
307,5,john
307,6,likes
307,7,annie
308,1,a
308,2,man
308,3,that
308,4,likes
308,5,john
308,6,likes
308,7,monet
309,1,a
309,2,man
309,3,that
309,4,likes
309,5,john
309,6,admires
309,7,john
310,1,a
310,2,man
310,3,that
310,4,likes
310,5,john
310,6,admires
310,7,annie
311,1,a
311,2,man
311,3,that
311,4,likes
311,5,john
311,6,admires
311,7,monet
312,1,a
312,2,man
312,3,that
312,4,likes
312,5,annie
312,6,likes
312,7,john
313,1,a
313,2,man
313,3,that
313,4,likes
313,5,annie
313,6,likes
313,7,annie
314,1,a
314,2,man
314,3,that
314,4,likes
314,5,annie
314,6,likes
314,7,monet
315,1,a
315,2,man
315,3,that
315,4,likes
315,5,annie
315,6,admires
315,7,john
316,1,a
316,2,man
316,3,that
316,4,likes
316,5,annie
316,6,admires
316,7,annie
317,1,a
317,2,man
317,3,that
317,4,likes
317,5,annie
317,6,admires
317,7,monet
318,1,a
318,2,man
318,3,that
318,4,likes
318,5,monet
318,6,likes
318,7,john
319,1,a
319,2,man
319,3,that
319,4,likes
319,5,monet
319,6,likes
319,7,annie
320,1,a
320,2,man
320,3,that
320,4,likes
320,5,monet
320,6,likes
320,7,monet
321,1,a
321,2,man
321,3,that
321,4,likes
321,5,monet
321,6,admires
321,7,john
322,1,a
322,2,man
322,3,that
322,4,likes
322,5,monet
322,6,admires
322,7,annie
323,1,a
323,2,man
323,3,that
323,4,likes
323,5,monet
323,6,admires
323,7,monet
324,1,a
324,2,man
324,3,that
324,4,admires
324,5,every
324,6,man
324,7,paints
325,1,a
325,2,man
325,3,that
325,4,admires
325,5,every
325,6,woman
325,7,paints
326,1,a
326,2,man
326,3,that
326,4,admires
326,5,a
326,6,man
326,7,paints
327,1,a
327,2,man
327,3,that
327,4,admires
327,5,a
327,6,woman
327,7,paints
328,1,a
328,2,man
328,3,that
328,4,admires
328,5,john
328,6,likes
328,7,john
329,1,a
329,2,man
329,3,that
329,4,admires
329,5,john
329,6,likes
329,7,annie
330,1,a
330,2,man
330,3,that
330,4,admires
330,5,john
330,6,likes
330,7,monet
331,1,a
331,2,man
331,3,that
331,4,admires
331,5,john
331,6,admires
331,7,john
332,1,a
332,2,man
332,3,that
332,4,admires
332,5,john
332,6,admires
332,7,annie
333,1,a
333,2,man
333,3,that
333,4,admires
333,5,john
333,6,admires
333,7,monet
334,1,a
334,2,man
334,3,that
334,4,admires
334,5,annie
334,6,likes
334,7,john
335,1,a
335,2,man
335,3,that
335,4,admires
335,5,annie
335,6,likes
335,7,annie
336,1,a
336,2,man
336,3,that
336,4,admires
336,5,annie
336,6,likes
336,7,monet
337,1,a
337,2,man
337,3,that
337,4,admires
337,5,annie
337,6,admires
337,7,john
338,1,a
338,2,man
338,3,that
338,4,admires
338,5,annie
338,6,admires
338,7,annie
339,1,a
339,2,man
339,3,that
339,4,admires
339,5,annie
339,6,admires
339,7,monet
340,1,a
340,2,man
340,3,that
340,4,admires
340,5,monet
340,6,likes
340,7,john
341,1,a
341,2,man
341,3,that
341,4,admires
341,5,monet
341,6,likes
341,7,annie
342,1,a
342,2,man
342,3,that
342,4,admires
342,5,monet
342,6,likes
342,7,monet
343,1,a
343,2,man
343,3,that
343,4,admires
343,5,monet
343,6,admires
343,7,john
344,1,a
344,2,man
344,3,that
344,4,admires
344,5,monet
344,6,admires
344,7,annie
345,1,a
345,2,man
345,3,that
345,4,admires
345,5,monet
345,6,admires
345,7,monet
346,1,a
346,2,man
346,3,that
346,4,paints
346,5,likes
346,6,every
346,7,man
347,1,a
347,2,man
347,3,that
347,4,paints
347,5,likes
347,6,every
347,7,woman
348,1,a
348,2,man
348,3,that
348,4,paints
348,5,likes
348,6,a
348,7,man
349,1,a
349,2,man
349,3,that
349,4,paints
349,5,likes
349,6,a
349,7,woman
350,1,a
350,2,man
350,3,that
350,4,paints
350,5,admires
350,6,every
350,7,man
351,1,a
351,2,man
351,3,that
351,4,paints
351,5,admires
351,6,every
351,7,woman
352,1,a
352,2,man
352,3,that
352,4,paints
352,5,admires
352,6,a
352,7,man
353,1,a
353,2,man
353,3,that
353,4,paints
353,5,admires
353,6,a
353,7,woman
354,1,a
354,2,man
354,3,likes
354,4,every
354,5,man
354,6,that
354,7,paints
355,1,a
355,2,man
355,3,likes
355,4,every
355,5,woman
355,6,that
355,7,paints
356,1,a
356,2,man
356,3,likes
356,4,a
356,5,man
356,6,that
356,7,paints
357,1,a
357,2,man
357,3,likes
357,4,a
357,5,woman
357,6,that
357,7,paints
358,1,a
358,2,man
358,3,admires
358,4,every
358,5,man
358,6,that
358,7,paints
359,1,a
359,2,man
359,3,admires
359,4,every
359,5,woman
359,6,that
359,7,paints
360,1,a
360,2,man
360,3,admires
360,4,a
360,5,man
360,6,that
360,7,paints
361,1,a
361,2,man
361,3,admires
361,4,a
361,5,woman
361,6,that
361,7,paints
362,1,a
362,2,woman
362,3,that
362,4,likes
362,5,every
362,6,man
362,7,paints
363,1,a
363,2,woman
363,3,that
363,4,likes
363,5,every
363,6,woman
363,7,paints
364,1,a
364,2,woman
364,3,that
364,4,likes
364,5,a
364,6,man
364,7,paints
365,1,a
365,2,woman
365,3,that
365,4,likes
365,5,a
365,6,woman
365,7,paints
366,1,a
366,2,woman
366,3,that
366,4,likes
366,5,john
366,6,likes
366,7,john
367,1,a
367,2,woman
367,3,that
367,4,likes
367,5,john
367,6,likes
367,7,annie
368,1,a
368,2,woman
368,3,that
368,4,likes
368,5,john
368,6,likes
368,7,monet
369,1,a
369,2,woman
369,3,that
369,4,likes
369,5,john
369,6,admires
369,7,john
370,1,a
370,2,woman
370,3,that
370,4,likes
370,5,john
370,6,admires
370,7,annie
371,1,a
371,2,woman
371,3,that
371,4,likes
371,5,john
371,6,admires
371,7,monet
372,1,a
372,2,woman
372,3,that
372,4,likes
372,5,annie
372,6,likes
372,7,john
373,1,a
373,2,woman
373,3,that
373,4,likes
373,5,annie
373,6,likes
373,7,annie
374,1,a
374,2,woman
374,3,that
374,4,likes
374,5,annie
374,6,likes
374,7,monet
375,1,a
375,2,woman
375,3,that
375,4,likes
375,5,annie
375,6,admires
375,7,john
376,1,a
376,2,woman
376,3,that
376,4,likes
376,5,annie
376,6,admires
376,7,annie
377,1,a
377,2,woman
377,3,that
377,4,likes
377,5,annie
377,6,admires
377,7,monet
378,1,a
378,2,woman
378,3,that
378,4,likes
378,5,monet
378,6,likes
378,7,john
379,1,a
379,2,woman
379,3,that
379,4,likes
379,5,monet
379,6,likes
379,7,annie
380,1,a
380,2,woman
380,3,that
380,4,likes
380,5,monet
380,6,likes
380,7,monet
381,1,a
381,2,woman
381,3,that
381,4,likes
381,5,monet
381,6,admires
381,7,john
382,1,a
382,2,woman
382,3,that
382,4,likes
382,5,monet
382,6,admires
382,7,annie
383,1,a
383,2,woman
383,3,that
383,4,likes
383,5,monet
383,6,admires
383,7,monet
384,1,a
384,2,woman
384,3,that
384,4,admires
384,5,every
384,6,man
384,7,paints
385,1,a
385,2,woman
385,3,that
385,4,admires
385,5,every
385,6,woman
385,7,paints
386,1,a
386,2,woman
386,3,that
386,4,admires
386,5,a
386,6,man
386,7,paints
387,1,a
387,2,woman
387,3,that
387,4,admires
387,5,a
387,6,woman
387,7,paints
388,1,a
388,2,woman
388,3,that
388,4,admires
388,5,john
388,6,likes
388,7,john
389,1,a
389,2,woman
389,3,that
389,4,admires
389,5,john
389,6,likes
389,7,annie
390,1,a
390,2,woman
390,3,that
390,4,admires
390,5,john
390,6,likes
390,7,monet
391,1,a
391,2,woman
391,3,that
391,4,admires
391,5,john
391,6,admires
391,7,john
392,1,a
392,2,woman
392,3,that
392,4,admires
392,5,john
392,6,admires
392,7,annie
393,1,a
393,2,woman
393,3,that
393,4,admires
393,5,john
393,6,admires
393,7,monet
394,1,a
394,2,woman
394,3,that
394,4,admires
394,5,annie
394,6,likes
394,7,john
395,1,a
395,2,woman
395,3,that
395,4,admires
395,5,annie
395,6,likes
395,7,annie
396,1,a
396,2,woman
396,3,that
396,4,admires
396,5,annie
396,6,likes
396,7,monet
397,1,a
397,2,woman
397,3,that
397,4,admires
397,5,annie
397,6,admires
397,7,john
398,1,a
398,2,woman
398,3,that
398,4,admires
398,5,annie
398,6,admires
398,7,annie
399,1,a
399,2,woman
399,3,that
399,4,admires
399,5,annie
399,6,admires
399,7,monet
400,1,a
400,2,woman
400,3,that
400,4,admires
400,5,monet
400,6,likes
400,7,john
401,1,a
401,2,woman
401,3,that
401,4,admires
401,5,monet
401,6,likes
401,7,annie
402,1,a
402,2,woman
402,3,that
402,4,admires
402,5,monet
402,6,likes
402,7,monet
403,1,a
403,2,woman
403,3,that
403,4,admires
403,5,monet
403,6,admires
403,7,john
404,1,a
404,2,woman
404,3,that
404,4,admires
404,5,monet
404,6,admires
404,7,annie
405,1,a
405,2,woman
405,3,that
405,4,admires
405,5,monet
405,6,admires
405,7,monet
406,1,a
406,2,woman
406,3,that
406,4,paints
406,5,likes
406,6,every
406,7,man
407,1,a
407,2,woman
407,3,that
407,4,paints
407,5,likes
407,6,every
407,7,woman
408,1,a
408,2,woman
408,3,that
408,4,paints
408,5,likes
408,6,a
408,7,man
409,1,a
409,2,woman
409,3,that
409,4,paints
409,5,likes
409,6,a
409,7,woman
410,1,a
410,2,woman
410,3,that
410,4,paints
410,5,admires
410,6,every
410,7,man
411,1,a
411,2,woman
411,3,that
411,4,paints
411,5,admires
411,6,every
411,7,woman
412,1,a
412,2,woman
412,3,that
412,4,paints
412,5,admires
412,6,a
412,7,man
413,1,a
413,2,woman
413,3,that
413,4,paints
413,5,admires
413,6,a
413,7,woman
414,1,a
414,2,woman
414,3,likes
414,4,every
414,5,man
414,6,that
414,7,paints
415,1,a
415,2,woman
415,3,likes
415,4,every
415,5,woman
415,6,that
415,7,paints
416,1,a
416,2,woman
416,3,likes
416,4,a
416,5,man
416,6,that
416,7,paints
417,1,a
417,2,woman
417,3,likes
417,4,a
417,5,woman
417,6,that
417,7,paints
418,1,a
418,2,woman
418,3,admires
418,4,every
418,5,man
418,6,that
418,7,paints
419,1,a
419,2,woman
419,3,admires
419,4,every
419,5,woman
419,6,that
419,7,paints
420,1,a
420,2,woman
420,3,admires
420,4,a
420,5,man
420,6,that
420,7,paints
421,1,a
421,2,woman
421,3,admires
421,4,a
421,5,woman
421,6,that
421,7,paints
422,1,john
422,2,likes
422,3,every
422,4,man
422,5,that
422,6,likes
422,7,john
423,1,john
423,2,likes
423,3,every
423,4,man
423,5,that
423,6,likes
423,7,annie
424,1,john
424,2,likes
424,3,every
424,4,man
424,5,that
424,6,likes
424,7,monet
425,1,john
425,2,likes
425,3,every
425,4,man
425,5,that
425,6,admires
425,7,john
426,1,john
426,2,likes
426,3,every
426,4,man
426,5,that
426,6,admires
426,7,annie
427,1,john
427,2,likes
427,3,every
427,4,man
427,5,that
427,6,admires
427,7,monet
428,1,john
428,2,likes
428,3,every
428,4,woman
428,5,that
428,6,likes
428,7,john
429,1,john
429,2,likes
429,3,every
429,4,woman
429,5,that
429,6,likes
429,7,annie
430,1,john
430,2,likes
430,3,every
430,4,woman
430,5,that
430,6,likes
430,7,monet
431,1,john
431,2,likes
431,3,every
431,4,woman
431,5,that
431,6,admires
431,7,john
432,1,john
432,2,likes
432,3,every
432,4,woman
432,5,that
432,6,admires
432,7,annie
433,1,john
433,2,likes
433,3,every
433,4,woman
433,5,that
433,6,admires
433,7,monet
434,1,john
434,2,likes
434,3,a
434,4,man
434,5,that
434,6,likes
434,7,john
435,1,john
435,2,likes
435,3,a
435,4,man
435,5,that
435,6,likes
435,7,annie
436,1,john
436,2,likes
436,3,a
436,4,man
436,5,that
436,6,likes
436,7,monet
437,1,john
437,2,likes
437,3,a
437,4,man
437,5,that
437,6,admires
437,7,john
438,1,john
438,2,likes
438,3,a
438,4,man
438,5,that
438,6,admires
438,7,annie
439,1,john
439,2,likes
439,3,a
439,4,man
439,5,that
439,6,admires
439,7,monet
440,1,john
440,2,likes
440,3,a
440,4,woman
440,5,that
440,6,likes
440,7,john
441,1,john
441,2,likes
441,3,a
441,4,woman
441,5,that
441,6,likes
441,7,annie
442,1,john
442,2,likes
442,3,a
442,4,woman
442,5,that
442,6,likes
442,7,monet
443,1,john
443,2,likes
443,3,a
443,4,woman
443,5,that
443,6,admires
443,7,john
444,1,john
444,2,likes
444,3,a
444,4,woman
444,5,that
444,6,admires
444,7,annie
445,1,john
445,2,likes
445,3,a
445,4,woman
445,5,that
445,6,admires
445,7,monet
446,1,john
446,2,admires
446,3,every
446,4,man
446,5,that
446,6,likes
446,7,john
447,1,john
447,2,admires
447,3,every
447,4,man
447,5,that
447,6,likes
447,7,annie
448,1,john
448,2,admires
448,3,every
448,4,man
448,5,that
448,6,likes
448,7,monet
449,1,john
449,2,admires
449,3,every
449,4,man
449,5,that
449,6,admires
449,7,john
450,1,john
450,2,admires
450,3,every
450,4,man
450,5,that
450,6,admires
450,7,annie
451,1,john
451,2,admires
451,3,every
451,4,man
451,5,that
451,6,admires
451,7,monet
452,1,john
452,2,admires
452,3,every
452,4,woman
452,5,that
452,6,likes
452,7,john
453,1,john
453,2,admires
453,3,every
453,4,woman
453,5,that
453,6,likes
453,7,annie
454,1,john
454,2,admires
454,3,every
454,4,woman
454,5,that
454,6,likes
454,7,monet
455,1,john
455,2,admires
455,3,every
455,4,woman
455,5,that
455,6,admires
455,7,john
456,1,john
456,2,admires
456,3,every
456,4,woman
456,5,that
456,6,admires
456,7,annie
457,1,john
457,2,admires
457,3,every
457,4,woman
457,5,that
457,6,admires
457,7,monet
458,1,john
458,2,admires
458,3,a
458,4,man
458,5,that
458,6,likes
458,7,john
459,1,john
459,2,admires
459,3,a
459,4,man
459,5,that
459,6,likes
459,7,annie
460,1,john
460,2,admires
460,3,a
460,4,man
460,5,that
460,6,likes
460,7,monet
461,1,john
461,2,admires
461,3,a
461,4,man
461,5,that
461,6,admires
461,7,john
462,1,john
462,2,admires
462,3,a
462,4,man
462,5,that
462,6,admires
462,7,annie
463,1,john
463,2,admires
463,3,a
463,4,man
463,5,that
463,6,admires
463,7,monet
464,1,john
464,2,admires
464,3,a
464,4,woman
464,5,that
464,6,likes
464,7,john
465,1,john
465,2,admires
465,3,a
465,4,woman
465,5,that
465,6,likes
465,7,annie
466,1,john
466,2,admires
466,3,a
466,4,woman
466,5,that
466,6,likes
466,7,monet
467,1,john
467,2,admires
467,3,a
467,4,woman
467,5,that
467,6,admires
467,7,john
468,1,john
468,2,admires
468,3,a
468,4,woman
468,5,that
468,6,admires
468,7,annie
469,1,john
469,2,admires
469,3,a
469,4,woman
469,5,that
469,6,admires
469,7,monet
470,1,annie
470,2,likes
470,3,every
470,4,man
470,5,that
470,6,likes
470,7,john
471,1,annie
471,2,likes
471,3,every
471,4,man
471,5,that
471,6,likes
471,7,annie
472,1,annie
472,2,likes
472,3,every
472,4,man
472,5,that
472,6,likes
472,7,monet
473,1,annie
473,2,likes
473,3,every
473,4,man
473,5,that
473,6,admires
473,7,john
474,1,annie
474,2,likes
474,3,every
474,4,man
474,5,that
474,6,admires
474,7,annie
475,1,annie
475,2,likes
475,3,every
475,4,man
475,5,that
475,6,admires
475,7,monet
476,1,annie
476,2,likes
476,3,every
476,4,woman
476,5,that
476,6,likes
476,7,john
477,1,annie
477,2,likes
477,3,every
477,4,woman
477,5,that
477,6,likes
477,7,annie
478,1,annie
478,2,likes
478,3,every
478,4,woman
478,5,that
478,6,likes
478,7,monet
479,1,annie
479,2,likes
479,3,every
479,4,woman
479,5,that
479,6,admires
479,7,john
480,1,annie
480,2,likes
480,3,every
480,4,woman
480,5,that
480,6,admires
480,7,annie
481,1,annie
481,2,likes
481,3,every
481,4,woman
481,5,that
481,6,admires
481,7,monet
482,1,annie
482,2,likes
482,3,a
482,4,man
482,5,that
482,6,likes
482,7,john
483,1,annie
483,2,likes
483,3,a
483,4,man
483,5,that
483,6,likes
483,7,annie
484,1,annie
484,2,likes
484,3,a
484,4,man
484,5,that
484,6,likes
484,7,monet
485,1,annie
485,2,likes
485,3,a
485,4,man
485,5,that
485,6,admires
485,7,john
486,1,annie
486,2,likes
486,3,a
486,4,man
486,5,that
486,6,admires
486,7,annie
487,1,annie
487,2,likes
487,3,a
487,4,man
487,5,that
487,6,admires
487,7,monet
488,1,annie
488,2,likes
488,3,a
488,4,woman
488,5,that
488,6,likes
488,7,john
489,1,annie
489,2,likes
489,3,a
489,4,woman
489,5,that
489,6,likes
489,7,annie
490,1,annie
490,2,likes
490,3,a
490,4,woman
490,5,that
490,6,likes
490,7,monet
491,1,annie
491,2,likes
491,3,a
491,4,woman
491,5,that
491,6,admires
491,7,john
492,1,annie
492,2,likes
492,3,a
492,4,woman
492,5,that
492,6,admires
492,7,annie
493,1,annie
493,2,likes
493,3,a
493,4,woman
493,5,that
493,6,admires
493,7,monet
494,1,annie
494,2,admires
494,3,every
494,4,man
494,5,that
494,6,likes
494,7,john
495,1,annie
495,2,admires
495,3,every
495,4,man
495,5,that
495,6,likes
495,7,annie
496,1,annie
496,2,admires
496,3,every
496,4,man
496,5,that
496,6,likes
496,7,monet
497,1,annie
497,2,admires
497,3,every
497,4,man
497,5,that
497,6,admires
497,7,john
498,1,annie
498,2,admires
498,3,every
498,4,man
498,5,that
498,6,admires
498,7,annie
499,1,annie
499,2,admires
499,3,every
499,4,man
499,5,that
499,6,admires
499,7,monet
500,1,annie
500,2,admires
500,3,every
500,4,woman
500,5,that
500,6,likes
500,7,john
501,1,annie
501,2,admires
501,3,every
501,4,woman
501,5,that
501,6,likes
501,7,annie
502,1,annie
502,2,admires
502,3,every
502,4,woman
502,5,that
502,6,likes
502,7,monet
503,1,annie
503,2,admires
503,3,every
503,4,woman
503,5,that
503,6,admires
503,7,john
504,1,annie
504,2,admires
504,3,every
504,4,woman
504,5,that
504,6,admires
504,7,annie
505,1,annie
505,2,admires
505,3,every
505,4,woman
505,5,that
505,6,admires
505,7,monet
506,1,annie
506,2,admires
506,3,a
506,4,man
506,5,that
506,6,likes
506,7,john
507,1,annie
507,2,admires
507,3,a
507,4,man
507,5,that
507,6,likes
507,7,annie
508,1,annie
508,2,admires
508,3,a
508,4,man
508,5,that
508,6,likes
508,7,monet
509,1,annie
509,2,admires
509,3,a
509,4,man
509,5,that
509,6,admires
509,7,john
510,1,annie
510,2,admires
510,3,a
510,4,man
510,5,that
510,6,admires
510,7,annie
511,1,annie
511,2,admires
511,3,a
511,4,man
511,5,that
511,6,admires
511,7,monet
512,1,annie
512,2,admires
512,3,a
512,4,woman
512,5,that
512,6,likes
512,7,john
513,1,annie
513,2,admires
513,3,a
513,4,woman
513,5,that
513,6,likes
513,7,annie
514,1,annie
514,2,admires
514,3,a
514,4,woman
514,5,that
514,6,likes
514,7,monet
515,1,annie
515,2,admires
515,3,a
515,4,woman
515,5,that
515,6,admires
515,7,john
516,1,annie
516,2,admires
516,3,a
516,4,woman
516,5,that
516,6,admires
516,7,annie
517,1,annie
517,2,admires
517,3,a
517,4,woman
517,5,that
517,6,admires
517,7,monet
518,1,monet
518,2,likes
518,3,every
518,4,man
518,5,that
518,6,likes
518,7,john
519,1,monet
519,2,likes
519,3,every
519,4,man
519,5,that
519,6,likes
519,7,annie
520,1,monet
520,2,likes
520,3,every
520,4,man
520,5,that
520,6,likes
520,7,monet
521,1,monet
521,2,likes
521,3,every
521,4,man
521,5,that
521,6,admires
521,7,john
522,1,monet
522,2,likes
522,3,every
522,4,man
522,5,that
522,6,admires
522,7,annie
523,1,monet
523,2,likes
523,3,every
523,4,man
523,5,that
523,6,admires
523,7,monet
524,1,monet
524,2,likes
524,3,every
524,4,woman
524,5,that
524,6,likes
524,7,john
525,1,monet
525,2,likes
525,3,every
525,4,woman
525,5,that
525,6,likes
525,7,annie
526,1,monet
526,2,likes
526,3,every
526,4,woman
526,5,that
526,6,likes
526,7,monet
527,1,monet
527,2,likes
527,3,every
527,4,woman
527,5,that
527,6,admires
527,7,john
528,1,monet
528,2,likes
528,3,every
528,4,woman
528,5,that
528,6,admires
528,7,annie
529,1,monet
529,2,likes
529,3,every
529,4,woman
529,5,that
529,6,admires
529,7,monet
530,1,monet
530,2,likes
530,3,a
530,4,man
530,5,that
530,6,likes
530,7,john
531,1,monet
531,2,likes
531,3,a
531,4,man
531,5,that
531,6,likes
531,7,annie
532,1,monet
532,2,likes
532,3,a
532,4,man
532,5,that
532,6,likes
532,7,monet
533,1,monet
533,2,likes
533,3,a
533,4,man
533,5,that
533,6,admires
533,7,john
534,1,monet
534,2,likes
534,3,a
534,4,man
534,5,that
534,6,admires
534,7,annie
535,1,monet
535,2,likes
535,3,a
535,4,man
535,5,that
535,6,admires
535,7,monet
536,1,monet
536,2,likes
536,3,a
536,4,woman
536,5,that
536,6,likes
536,7,john
537,1,monet
537,2,likes
537,3,a
537,4,woman
537,5,that
537,6,likes
537,7,annie
538,1,monet
538,2,likes
538,3,a
538,4,woman
538,5,that
538,6,likes
538,7,monet
539,1,monet
539,2,likes
539,3,a
539,4,woman
539,5,that
539,6,admires
539,7,john
540,1,monet
540,2,likes
540,3,a
540,4,woman
540,5,that
540,6,admires
540,7,annie
541,1,monet
541,2,likes
541,3,a
541,4,woman
541,5,that
541,6,admires
541,7,monet
542,1,monet
542,2,admires
542,3,every
542,4,man
542,5,that
542,6,likes
542,7,john
543,1,monet
543,2,admires
543,3,every
543,4,man
543,5,that
543,6,likes
543,7,annie
544,1,monet
544,2,admires
544,3,every
544,4,man
544,5,that
544,6,likes
544,7,monet
545,1,monet
545,2,admires
545,3,every
545,4,man
545,5,that
545,6,admires
545,7,john
546,1,monet
546,2,admires
546,3,every
546,4,man
546,5,that
546,6,admires
546,7,annie
547,1,monet
547,2,admires
547,3,every
547,4,man
547,5,that
547,6,admires
547,7,monet
548,1,monet
548,2,admires
548,3,every
548,4,woman
548,5,that
548,6,likes
548,7,john
549,1,monet
549,2,admires
549,3,every
549,4,woman
549,5,that
549,6,likes
549,7,annie
550,1,monet
550,2,admires
550,3,every
550,4,woman
550,5,that
550,6,likes
550,7,monet
551,1,monet
551,2,admires
551,3,every
551,4,woman
551,5,that
551,6,admires
551,7,john
552,1,monet
552,2,admires
552,3,every
552,4,woman
552,5,that
552,6,admires
552,7,annie
553,1,monet
553,2,admires
553,3,every
553,4,woman
553,5,that
553,6,admires
553,7,monet
554,1,monet
554,2,admires
554,3,a
554,4,man
554,5,that
554,6,likes
554,7,john
555,1,monet
555,2,admires
555,3,a
555,4,man
555,5,that
555,6,likes
555,7,annie
556,1,monet
556,2,admires
556,3,a
556,4,man
556,5,that
556,6,likes
556,7,monet
557,1,monet
557,2,admires
557,3,a
557,4,man
557,5,that
557,6,admires
557,7,john
558,1,monet
558,2,admires
558,3,a
558,4,man
558,5,that
558,6,admires
558,7,annie
559,1,monet
559,2,admires
559,3,a
559,4,man
559,5,that
559,6,admires
559,7,monet
560,1,monet
560,2,admires
560,3,a
560,4,woman
560,5,that
560,6,likes
560,7,john
561,1,monet
561,2,admires
561,3,a
561,4,woman
561,5,that
561,6,likes
561,7,annie
562,1,monet
562,2,admires
562,3,a
562,4,woman
562,5,that
562,6,likes
562,7,monet
563,1,monet
563,2,admires
563,3,a
563,4,woman
563,5,that
563,6,admires
563,7,john
564,1,monet
564,2,admires
564,3,a
564,4,woman
564,5,that
564,6,admires
564,7,annie
565,1,monet
565,2,admires
565,3,a
565,4,woman
565,5,that
565,6,admires
565,7,monet
566,1,admires
566,2,paints
567,1,man
567,2,paints
568,1,paints
568,2,paints
569,1,every
569,2,man
569,3,man
570,1,every
570,2,woman
570,3,man
571,1,a
571,2,man
571,3,woman
572,1,a
572,2,woman
572,3,every
573,1,likes
573,2,likes
573,3,john
574,1,paints
574,2,likes
574,3,annie
575,1,a
575,2,likes
575,3,monet
576,1,john
576,2,that
576,3,john
577,1,john
577,2,admires
577,3,paints
578,1,a
578,2,admires
578,3,monet
579,1,annie
579,2,likes
579,3,woman
580,1,a
580,2,likes
580,3,annie
581,1,annie
581,2,that
581,3,monet
582,1,likes
582,2,admires
582,3,john
583,1,annie
583,2,monet
583,3,annie
584,1,woman
584,2,admires
584,3,monet
585,1,every
585,2,likes
585,3,john
586,1,monet
586,2,likes
586,3,a
587,1,monet
587,2,that
587,3,monet
588,1,monet
588,2,john
588,3,john
589,1,monet
589,2,man
589,3,annie
590,1,monet
590,2,paints
590,3,monet
591,1,every
591,2,john
591,3,likes
591,4,john
592,1,every
592,2,every
592,3,likes
592,4,annie
593,1,every
593,2,man
593,3,woman
593,4,monet
594,1,every
594,2,man
594,3,admires
594,4,man
595,1,every
595,2,man
595,3,woman
595,4,annie
596,1,every
596,2,paints
596,3,admires
596,4,monet
597,1,every
597,2,woman
597,3,monet
597,4,john
598,1,woman
598,2,woman
598,3,likes
598,4,annie
599,1,every
599,2,woman
599,3,likes
599,4,paints
600,1,every
600,2,monet
600,3,admires
600,4,john
601,1,paints
601,2,woman
601,3,admires
601,4,annie
602,1,every
602,2,woman
602,3,woman
602,4,monet
603,1,a
603,2,man
603,3,that
603,4,john
604,1,a
604,2,man
604,3,likes
604,4,admires
605,1,a
605,2,man
605,3,annie
605,4,monet
606,1,a
606,2,paints
606,3,admires
606,4,john
607,1,a
607,2,man
607,3,paints
607,4,annie
608,1,a
608,2,man
608,3,admires
608,4,paints
609,1,a
609,2,woman
609,3,likes
609,4,paints
610,1,a
610,2,likes
610,3,likes
610,4,annie
611,1,man
611,2,woman
611,3,likes
611,4,monet
612,1,a
612,2,admires
612,3,admires
612,4,john
613,1,a
613,2,woman
613,3,admires
613,4,that
614,1,a
614,2,woman
614,3,admires
614,4,woman
615,1,john
615,2,john
615,3,every
615,4,man
616,1,that
616,2,likes
616,3,every
616,4,woman
617,1,john
617,2,likes
617,3,woman
617,4,man
618,1,john
618,2,likes
618,3,john
618,4,woman
619,1,john
619,2,admires
619,3,every
619,4,annie
620,1,john
620,2,monet
620,3,every
620,4,woman
621,1,man
621,2,admires
621,3,a
621,4,man
622,1,woman
622,2,admires
622,3,a
622,4,woman
623,1,annie
623,2,likes
623,3,every
623,4,likes
624,1,likes
624,2,likes
624,3,every
624,4,woman
625,1,annie
625,2,likes
625,3,a
625,4,admires
626,1,likes
626,2,likes
626,3,a
626,4,woman
627,1,annie
627,2,paints
627,3,every
627,4,man
628,1,a
628,2,admires
628,3,every
628,4,woman
629,1,annie
629,2,admires
629,3,monet
629,4,man
630,1,annie
630,2,admires
630,3,annie
630,4,woman
631,1,monet
631,2,likes
631,3,likes
631,4,man
632,1,monet
632,2,likes
632,3,every
632,4,a
633,1,monet
633,2,likes
633,3,monet
633,4,man
634,1,monet
634,2,likes
634,3,a
634,4,annie
635,1,likes
635,2,admires
635,3,every
635,4,man
636,1,monet
636,2,admires
636,3,every
636,4,monet
637,1,monet
637,2,admires
637,3,man
637,4,man
638,1,likes
638,2,admires
638,3,a
638,4,woman
639,1,every
639,2,man
639,3,admires
639,4,paints
639,5,paints
640,1,every
640,2,a
640,3,likes
640,4,every
640,5,man
641,1,every
641,2,paints
641,3,likes
641,4,every
641,5,woman
642,1,every
642,2,man
642,3,woman
642,4,a
642,5,man
643,1,every
643,2,man
643,3,every
643,4,a
643,5,woman
644,1,every
644,2,a
644,3,admires
644,4,every
644,5,man
645,1,every
645,2,man
645,3,paints
645,4,every
645,5,woman
646,1,every
646,2,man
646,3,admires
646,4,admires
646,5,man
647,1,every
647,2,man
647,3,admires
647,4,a
647,5,a
648,1,every
648,2,woman
648,3,monet
648,4,paints
648,5,paints
649,1,man
649,2,woman
649,3,likes
649,4,every
649,5,man
650,1,every
650,2,woman
650,3,monet
650,4,every
650,5,woman
651,1,every
651,2,woman
651,3,a
651,4,a
651,5,man
652,1,every
652,2,woman
652,3,likes
652,4,woman
652,5,woman
653,1,every
653,2,woman
653,3,admires
653,4,man
653,5,man
654,1,every
654,2,woman
654,3,admires
654,4,every
654,5,likes
655,1,every
655,2,woman
655,3,admires
655,4,paints
655,5,man
656,1,every
656,2,woman
656,3,admires
656,4,annie
656,5,woman
657,1,a
657,2,likes
657,3,that
657,4,paints
657,5,paints
658,1,a
658,2,man
658,3,likes
658,4,every
658,5,a
659,1,a
659,2,man
659,3,likes
659,4,every
659,5,annie
660,1,a
660,2,a
660,3,likes
660,4,a
660,5,man
661,1,a
661,2,man
661,3,likes
661,4,paints
661,5,woman
662,1,a
662,2,paints
662,3,admires
662,4,every
662,5,man
663,1,a
663,2,man
663,3,woman
663,4,every
663,5,woman
664,1,a
664,2,man
664,3,admires
664,4,a
664,5,admires
665,1,a
665,2,man
665,3,admires
665,4,a
665,5,monet
666,1,a
666,2,monet
666,3,that
666,4,paints
666,5,paints
667,1,a
667,2,woman
667,3,paints
667,4,every
667,5,man
668,1,a
668,2,woman
668,3,man
668,4,every
668,5,woman
669,1,a
669,2,woman
669,3,likes
669,4,admires
669,5,man
670,1,a
670,2,annie
670,3,likes
670,4,a
670,5,woman
671,1,a
671,2,woman
671,3,that
671,4,every
671,5,man
672,1,a
672,2,woman
672,3,admires
672,4,that
672,5,woman
673,1,a
673,2,woman
673,3,that
673,4,a
673,5,man
674,1,a
674,2,woman
674,3,man
674,4,a
674,5,woman
675,1,every
675,2,man
675,3,that
675,4,likes
675,5,john
675,6,woman
676,1,every
676,2,man
676,3,monet
676,4,likes
676,5,annie
676,6,paints
677,1,every
677,2,man
677,3,that
677,4,likes
677,5,man
677,6,paints
678,1,every
678,2,man
678,3,that
678,4,admires
678,5,john
678,6,john
679,1,every
679,2,man
679,3,annie
679,4,admires
679,5,annie
679,6,paints
680,1,every
680,2,man
680,3,that
680,4,admires
680,5,likes
680,6,paints
681,1,monet
681,2,man
681,3,that
681,4,paints
681,5,likes
681,6,john
682,1,every
682,2,man
682,3,a
682,4,paints
682,5,likes
682,6,annie
683,1,every
683,2,man
683,3,annie
683,4,paints
683,5,likes
683,6,monet
684,1,every
684,2,man
684,3,that
684,4,woman
684,5,admires
684,6,john
685,1,every
685,2,likes
685,3,that
685,4,paints
685,5,admires
685,6,annie
686,1,every
686,2,man
686,3,that
686,4,that
686,5,admires
686,6,monet
687,1,every
687,2,woman
687,3,that
687,4,likes
687,5,that
687,6,paints
688,1,likes
688,2,woman
688,3,that
688,4,likes
688,5,annie
688,6,paints
689,1,every
689,2,woman
689,3,that
689,4,every
689,5,monet
689,6,paints
690,1,every
690,2,monet
690,3,that
690,4,admires
690,5,john
690,6,paints
691,1,every
691,2,woman
691,3,that
691,4,admires
691,5,likes
691,6,paints
692,1,admires
692,2,woman
692,3,that
692,4,admires
692,5,monet
692,6,paints
693,1,john
693,2,woman
693,3,that
693,4,paints
693,5,likes
693,6,john
694,1,every
694,2,woman
694,3,that
694,4,likes
694,5,likes
694,6,annie
695,1,every
695,2,woman
695,3,admires
695,4,paints
695,5,likes
695,6,monet
696,1,every
696,2,paints
696,3,that
696,4,paints
696,5,admires
696,6,john
697,1,every
697,2,every
697,3,that
697,4,paints
697,5,admires
697,6,annie
698,1,every
698,2,woman
698,3,that
698,4,annie
698,5,admires
698,6,monet
699,1,a
699,2,man
699,3,that
699,4,likes
699,5,that
699,6,paints
700,1,a
700,2,man
700,3,monet
700,4,likes
700,5,annie
700,6,paints
701,1,a
701,2,man
701,3,that
701,4,likes
701,5,every
701,6,paints
702,1,a
702,2,man
702,3,that
702,4,monet
702,5,john
702,6,paints
703,1,a
703,2,man
703,3,that
703,4,admires
703,5,man
703,6,paints
704,1,a
704,2,man
704,3,man
704,4,admires
704,5,monet
704,6,paints
705,1,paints
705,2,man
705,3,that
705,4,paints
705,5,likes
705,6,john
706,1,a
706,2,man
706,3,that
706,4,paints
706,5,likes
706,6,woman
707,1,a
707,2,man
707,3,that
707,4,paints
707,5,likes
707,6,man
708,1,a
708,2,man
708,3,that
708,4,john
708,5,admires
708,6,john
709,1,a
709,2,man
709,3,that
709,4,every
709,5,admires
709,6,annie
710,1,monet
710,2,man
710,3,that
710,4,paints
710,5,admires
710,6,monet
711,1,a
711,2,woman
711,3,annie
711,4,likes
711,5,john
711,6,paints
712,1,a
712,2,woman
712,3,that
712,4,paints
712,5,annie
712,6,paints
713,1,a
713,2,woman
713,3,that
713,4,monet
713,5,monet
713,6,paints
714,1,a
714,2,woman
714,3,a
714,4,admires
714,5,john
714,6,paints
715,1,a
715,2,woman
715,3,that
715,4,admires
715,5,paints
715,6,paints
716,1,a
716,2,annie
716,3,that
716,4,admires
716,5,monet
716,6,paints
717,1,a
717,2,woman
717,3,that
717,4,admires
717,5,likes
717,6,john
718,1,a
718,2,woman
718,3,that
718,4,paints
718,5,likes
718,6,woman
719,1,a
719,2,woman
719,3,monet
719,4,paints
719,5,likes
719,6,monet
720,1,a
720,2,woman
720,3,john
720,4,paints
720,5,admires
720,6,john
721,1,a
721,2,woman
721,3,that
721,4,john
721,5,admires
721,6,annie
722,1,a
722,2,woman
722,3,a
722,4,paints
722,5,admires
722,6,monet
723,1,john
723,2,likes
723,3,every
723,4,man
723,5,a
723,6,paints
724,1,a
724,2,likes
724,3,every
724,4,woman
724,5,that
724,6,paints
725,1,that
725,2,likes
725,3,a
725,4,man
725,5,that
725,6,paints
726,1,john
726,2,annie
726,3,a
726,4,woman
726,5,that
726,6,paints
727,1,john
727,2,admires
727,3,monet
727,4,man
727,5,that
727,6,paints
728,1,paints
728,2,admires
728,3,every
728,4,woman
728,5,that
728,6,paints
729,1,every
729,2,admires
729,3,a
729,4,man
729,5,that
729,6,paints
730,1,john
730,2,admires
730,3,woman
730,4,woman
730,5,that
730,6,paints
731,1,annie
731,2,likes
731,3,every
731,4,john
731,5,that
731,6,paints
732,1,annie
732,2,likes
732,3,every
732,4,woman
732,5,every
732,6,paints
733,1,likes
733,2,likes
733,3,a
733,4,man
733,5,that
733,6,paints
734,1,annie
734,2,likes
734,3,a
734,4,likes
734,5,that
734,6,paints
735,1,annie
735,2,admires
735,3,woman
735,4,man
735,5,that
735,6,paints
736,1,annie
736,2,admires
736,3,every
736,4,woman
736,5,that
736,6,john
737,1,annie
737,2,admires
737,3,a
737,4,man
737,5,that
737,6,monet
738,1,annie
738,2,admires
738,3,annie
738,4,woman
738,5,that
738,6,paints
739,1,monet
739,2,likes
739,3,every
739,4,man
739,5,man
739,6,paints
740,1,monet
740,2,likes
740,3,every
740,4,woman
740,5,that
740,6,man
741,1,monet
741,2,monet
741,3,a
741,4,man
741,5,that
741,6,paints
742,1,monet
742,2,likes
742,3,a
742,4,woman
742,5,monet
742,6,paints
743,1,monet
743,2,admires
743,3,paints
743,4,man
743,5,that
743,6,paints
744,1,woman
744,2,admires
744,3,every
744,4,woman
744,5,that
744,6,paints
745,1,man
745,2,admires
745,3,a
745,4,man
745,5,that
745,6,paints
746,1,monet
746,2,admires
746,3,a
746,4,woman
746,5,annie
746,6,paints
747,1,annie
747,2,man
747,3,that
747,4,likes
747,5,every
747,6,man
747,7,paints
748,1,that
748,2,man
748,3,that
748,4,likes
748,5,every
748,6,woman
748,7,paints
749,1,every
749,2,man
749,3,a
749,4,likes
749,5,a
749,6,man
749,7,paints
750,1,paints
750,2,man
750,3,that
750,4,likes
750,5,a
750,6,woman
750,7,paints
751,1,every
751,2,man
751,3,that
751,4,likes
751,5,that
751,6,likes
751,7,john
752,1,every
752,2,man
752,3,that
752,4,likes
752,5,john
752,6,man
752,7,annie
753,1,every
753,2,man
753,3,that
753,4,a
753,5,john
753,6,likes
753,7,monet
754,1,every
754,2,man
754,3,that
754,4,monet
754,5,john
754,6,admires
754,7,john
755,1,every
755,2,man
755,3,that
755,4,man
755,5,john
755,6,admires
755,7,annie
756,1,that
756,2,man
756,3,that
756,4,likes
756,5,john
756,6,admires
756,7,monet
757,1,likes
757,2,man
757,3,that
757,4,likes
757,5,annie
757,6,likes
757,7,john
758,1,every
758,2,john
758,3,that
758,4,likes
758,5,annie
758,6,likes
758,7,annie
759,1,every
759,2,man
759,3,man
759,4,likes
759,5,annie
759,6,likes
759,7,monet
760,1,every
760,2,man
760,3,that
760,4,likes
760,5,a
760,6,admires
760,7,john
761,1,every
761,2,paints
761,3,that
761,4,likes
761,5,annie
761,6,admires
761,7,annie
762,1,every
762,2,man
762,3,that
762,4,man
762,5,annie
762,6,admires
762,7,monet
763,1,every
763,2,man
763,3,that
763,4,likes
763,5,monet
763,6,annie
763,7,john
764,1,every
764,2,every
764,3,that
764,4,likes
764,5,monet
764,6,likes
764,7,annie
765,1,every
765,2,man
765,3,that
765,4,john
765,5,monet
765,6,likes
765,7,monet
766,1,every
766,2,man
766,3,that
766,4,likes
766,5,monet
766,6,admires
766,7,woman
767,1,every
767,2,man
767,3,paints
767,4,likes
767,5,monet
767,6,admires
767,7,annie
768,1,every
768,2,man
768,3,woman
768,4,likes
768,5,monet
768,6,admires
768,7,monet
769,1,every
769,2,man
769,3,that
769,4,admires
769,5,every
769,6,likes
769,7,paints
770,1,every
770,2,man
770,3,that
770,4,admires
770,5,likes
770,6,woman
770,7,paints
771,1,every
771,2,man
771,3,that
771,4,admires
771,5,a
771,6,man
771,7,monet
772,1,john
772,2,man
772,3,that
772,4,admires
772,5,a
772,6,woman
772,7,paints
773,1,likes
773,2,man
773,3,that
773,4,admires
773,5,john
773,6,likes
773,7,john
774,1,every
774,2,man
774,3,that
774,4,admires
774,5,paints
774,6,likes
774,7,annie
775,1,every
775,2,man
775,3,that
775,4,admires
775,5,john
775,6,likes
775,7,admires
776,1,every
776,2,man
776,3,that
776,4,admires
776,5,john
776,6,admires
776,7,paints
777,1,admires
777,2,man
777,3,that
777,4,admires
777,5,john
777,6,admires
777,7,annie
778,1,paints
778,2,man
778,3,that
778,4,admires
778,5,john
778,6,admires
778,7,monet
779,1,every
779,2,monet
779,3,that
779,4,admires
779,5,annie
779,6,likes
779,7,john
780,1,every
780,2,man
780,3,that
780,4,admires
780,5,annie
780,6,likes
780,7,every
781,1,admires
781,2,man
781,3,that
781,4,admires
781,5,annie
781,6,likes
781,7,monet
782,1,man
782,2,man
782,3,that
782,4,admires
782,5,annie
782,6,admires
782,7,john
783,1,every
783,2,man
783,3,that
783,4,admires
783,5,annie
783,6,admires
783,7,likes
784,1,every
784,2,man
784,3,that
784,4,that
784,5,annie
784,6,admires
784,7,monet
785,1,every
785,2,man
785,3,that
785,4,admires
785,5,monet
785,6,annie
785,7,john
786,1,every
786,2,man
786,3,that
786,4,admires
786,5,monet
786,6,likes
786,7,admires
787,1,every
787,2,man
787,3,that
787,4,admires
787,5,woman
787,6,likes
787,7,monet
788,1,every
788,2,annie
788,3,that
788,4,admires
788,5,monet
788,6,admires
788,7,john
789,1,every
789,2,paints
789,3,that
789,4,admires
789,5,monet
789,6,admires
789,7,annie
790,1,every
790,2,man
790,3,that
790,4,admires
790,5,a
790,6,admires
790,7,monet
791,1,every
791,2,man
791,3,that
791,4,paints
791,5,likes
791,6,monet
791,7,man
792,1,every
792,2,man
792,3,that
792,4,annie
792,5,likes
792,6,every
792,7,woman
793,1,paints
793,2,man
793,3,that
793,4,paints
793,5,likes
793,6,a
793,7,man
794,1,every
794,2,man
794,3,that
794,4,annie
794,5,likes
794,6,a
794,7,woman
795,1,every
795,2,man
795,3,that
795,4,paints
795,5,admires
795,6,admires
795,7,man
796,1,every
796,2,annie
796,3,that
796,4,paints
796,5,admires
796,6,every
796,7,woman
797,1,every
797,2,man
797,3,that
797,4,admires
797,5,admires
797,6,a
797,7,man
798,1,monet
798,2,man
798,3,that
798,4,paints
798,5,admires
798,6,a
798,7,woman
799,1,every
799,2,man
799,3,monet
799,4,every
799,5,man
799,6,that
799,7,paints
800,1,woman
800,2,man
800,3,likes
800,4,every
800,5,woman
800,6,that
800,7,paints
801,1,every
801,2,man
801,3,annie
801,4,a
801,5,man
801,6,that
801,7,paints
802,1,every
802,2,man
802,3,john
802,4,a
802,5,woman
802,6,that
802,7,paints
803,1,every
803,2,man
803,3,admires
803,4,likes
803,5,man
803,6,that
803,7,paints
804,1,every
804,2,admires
804,3,admires
804,4,every
804,5,woman
804,6,that
804,7,paints
805,1,every
805,2,man
805,3,man
805,4,a
805,5,man
805,6,that
805,7,paints
806,1,man
806,2,man
806,3,admires
806,4,a
806,5,woman
806,6,that
806,7,paints
807,1,every
807,2,woman
807,3,that
807,4,likes
807,5,monet
807,6,man
807,7,paints
808,1,every
808,2,woman
808,3,that
808,4,likes
808,5,every
808,6,woman
808,7,man
809,1,every
809,2,woman
809,3,that
809,4,a
809,5,a
809,6,man
809,7,paints
810,1,every
810,2,woman
810,3,that
810,4,likes
810,5,monet
810,6,woman
810,7,paints
811,1,every
811,2,woman
811,3,that
811,4,woman
811,5,john
811,6,likes
811,7,john
812,1,every
812,2,woman
812,3,that
812,4,monet
812,5,john
812,6,likes
812,7,annie
813,1,every
813,2,a
813,3,that
813,4,likes
813,5,john
813,6,likes
813,7,monet
814,1,man
814,2,woman
814,3,that
814,4,likes
814,5,john
814,6,admires
814,7,john
815,1,every
815,2,woman
815,3,that
815,4,likes
815,5,john
815,6,a
815,7,annie
816,1,every
816,2,paints
816,3,that
816,4,likes
816,5,john
816,6,admires
816,7,monet
817,1,every
817,2,monet
817,3,that
817,4,likes
817,5,annie
817,6,likes
817,7,john
818,1,every
818,2,woman
818,3,that
818,4,likes
818,5,annie
818,6,likes
818,7,every
819,1,every
819,2,woman
819,3,that
819,4,likes
819,5,annie
819,6,a
819,7,monet
820,1,every
820,2,woman
820,3,that
820,4,likes
820,5,annie
820,6,man
820,7,john
821,1,every
821,2,a
821,3,that
821,4,likes
821,5,annie
821,6,admires
821,7,annie
822,1,every
822,2,woman
822,3,admires
822,4,likes
822,5,annie
822,6,admires
822,7,monet
823,1,every
823,2,woman
823,3,that
823,4,likes
823,5,monet
823,6,every
823,7,john
824,1,every
824,2,woman
824,3,that
824,4,likes
824,5,every
824,6,likes
824,7,annie
825,1,every
825,2,woman
825,3,that
825,4,likes
825,5,monet
825,6,likes
825,7,man
826,1,every
826,2,a
826,3,that
826,4,likes
826,5,monet
826,6,admires
826,7,john
827,1,every
827,2,woman
827,3,that
827,4,likes
827,5,monet
827,6,admires
827,7,paints
828,1,every
828,2,woman
828,3,every
828,4,likes
828,5,monet
828,6,admires
828,7,monet
829,1,every
829,2,woman
829,3,woman
829,4,admires
829,5,every
829,6,man
829,7,paints
830,1,every
830,2,woman
830,3,paints
830,4,admires
830,5,every
830,6,woman
830,7,paints
831,1,every
831,2,admires
831,3,that
831,4,admires
831,5,a
831,6,man
831,7,paints
832,1,every
832,2,woman
832,3,a
832,4,admires
832,5,a
832,6,woman
832,7,paints
833,1,every
833,2,annie
833,3,that
833,4,admires
833,5,john
833,6,likes
833,7,john
834,1,every
834,2,woman
834,3,that
834,4,admires
834,5,john
834,6,likes
834,7,man
835,1,every
835,2,woman
835,3,that
835,4,admires
835,5,john
835,6,likes
835,7,paints
836,1,every
836,2,woman
836,3,monet
836,4,admires
836,5,john
836,6,admires
836,7,john
837,1,every
837,2,woman
837,3,that
837,4,annie
837,5,john
837,6,admires
837,7,annie
838,1,woman
838,2,woman
838,3,that
838,4,admires
838,5,john
838,6,admires
838,7,monet
839,1,every
839,2,woman
839,3,john
839,4,admires
839,5,annie
839,6,likes
839,7,john
840,1,every
840,2,woman
840,3,that
840,4,admires
840,5,paints
840,6,likes
840,7,annie
841,1,every
841,2,woman
841,3,that
841,4,admires
841,5,annie
841,6,likes
841,7,admires
842,1,every
842,2,woman
842,3,that
842,4,that
842,5,annie
842,6,admires
842,7,john
843,1,every
843,2,woman
843,3,that
843,4,annie
843,5,annie
843,6,admires
843,7,annie
844,1,every
844,2,woman
844,3,that
844,4,monet
844,5,annie
844,6,admires
844,7,monet
845,1,every
845,2,woman
845,3,that
845,4,admires
845,5,man
845,6,likes
845,7,john
846,1,every
846,2,woman
846,3,that
846,4,admires
846,5,monet
846,6,monet
846,7,annie
847,1,every
847,2,paints
847,3,that
847,4,admires
847,5,monet
847,6,likes
847,7,monet
848,1,every
848,2,woman
848,3,that
848,4,admires
848,5,monet
848,6,admires
848,7,every
849,1,every
849,2,woman
849,3,that
849,4,admires
849,5,monet
849,6,paints
849,7,annie
850,1,every
850,2,admires
850,3,that
850,4,admires
850,5,monet
850,6,admires
850,7,monet
851,1,every
851,2,every
851,3,that
851,4,paints
851,5,likes
851,6,every
851,7,man
852,1,every
852,2,admires
852,3,that
852,4,paints
852,5,likes
852,6,every
852,7,woman
853,1,every
853,2,woman
853,3,that
853,4,paints
853,5,likes
853,6,man
853,7,man
854,1,every
854,2,woman
854,3,likes
854,4,paints
854,5,likes
854,6,a
854,7,woman
855,1,every
855,2,woman
855,3,a
855,4,paints
855,5,admires
855,6,every
855,7,man
856,1,every
856,2,woman
856,3,that
856,4,paints
856,5,admires
856,6,every
856,7,paints
857,1,every
857,2,woman
857,3,that
857,4,paints
857,5,admires
857,6,a
857,7,monet
858,1,every
858,2,woman
858,3,that
858,4,paints
858,5,admires
858,6,a
858,7,likes
859,1,every
859,2,admires
859,3,likes
859,4,every
859,5,man
859,6,that
859,7,paints
860,1,every
860,2,woman
860,3,a
860,4,every
860,5,woman
860,6,that
860,7,paints
861,1,every
861,2,woman
861,3,likes
861,4,a
861,5,admires
861,6,that
861,7,paints
862,1,every
862,2,woman
862,3,likes
862,4,a
862,5,woman
862,6,monet
862,7,paints
863,1,man
863,2,woman
863,3,admires
863,4,every
863,5,man
863,6,that
863,7,paints
864,1,every
864,2,woman
864,3,admires
864,4,every
864,5,a
864,6,that
864,7,paints
865,1,every
865,2,woman
865,3,admires
865,4,that
865,5,man
865,6,that
865,7,paints
866,1,every
866,2,woman
866,3,admires
866,4,monet
866,5,woman
866,6,that
866,7,paints
867,1,a
867,2,man
867,3,that
867,4,likes
867,5,every
867,6,annie
867,7,paints
868,1,woman
868,2,man
868,3,that
868,4,likes
868,5,every
868,6,woman
868,7,paints
869,1,a
869,2,man
869,3,a
869,4,likes
869,5,a
869,6,man
869,7,paints
870,1,a
870,2,man
870,3,paints
870,4,likes
870,5,a
870,6,woman
870,7,paints
871,1,a
871,2,man
871,3,that
871,4,woman
871,5,john
871,6,likes
871,7,john
872,1,a
872,2,man
872,3,that
872,4,likes
872,5,a
872,6,likes
872,7,annie
873,1,a
873,2,man
873,3,that
873,4,likes
873,5,john
873,6,likes
873,7,a
874,1,a
874,2,man
874,3,that
874,4,a
874,5,john
874,6,admires
874,7,john
875,1,a
875,2,man
875,3,that
875,4,likes
875,5,john
875,6,annie
875,7,annie
876,1,a
876,2,man
876,3,that
876,4,likes
876,5,john
876,6,a
876,7,monet
877,1,a
877,2,man
877,3,that
877,4,likes
877,5,annie
877,6,every
877,7,john
878,1,a
878,2,man
878,3,likes
878,4,likes
878,5,annie
878,6,likes
878,7,annie
879,1,a
879,2,man
879,3,that
879,4,every
879,5,annie
879,6,likes
879,7,monet
880,1,a
880,2,paints
880,3,that
880,4,likes
880,5,annie
880,6,admires
880,7,john
881,1,a
881,2,man
881,3,annie
881,4,likes
881,5,annie
881,6,admires
881,7,annie
882,1,a
882,2,man
882,3,that
882,4,every
882,5,annie
882,6,admires
882,7,monet
883,1,a
883,2,man
883,3,that
883,4,likes
883,5,man
883,6,likes
883,7,john
884,1,a
884,2,man
884,3,that
884,4,likes
884,5,monet
884,6,likes
884,7,a
885,1,a
885,2,man
885,3,that
885,4,likes
885,5,monet
885,6,likes
885,7,that
886,1,a
886,2,man
886,3,woman
886,4,likes
886,5,monet
886,6,admires
886,7,john
887,1,a
887,2,man
887,3,john
887,4,likes
887,5,monet
887,6,admires
887,7,annie
888,1,monet
888,2,man
888,3,that
888,4,likes
888,5,monet
888,6,admires
888,7,monet
889,1,a
889,2,man
889,3,that
889,4,woman
889,5,every
889,6,man
889,7,paints
890,1,a
890,2,man
890,3,that
890,4,admires
890,5,that
890,6,woman
890,7,paints
891,1,a
891,2,man
891,3,that
891,4,admires
891,5,man
891,6,man
891,7,paints
892,1,a
892,2,man
892,3,a
892,4,admires
892,5,a
892,6,woman
892,7,paints
893,1,a
893,2,man
893,3,that
893,4,admires
893,5,paints
893,6,likes
893,7,john
894,1,monet
894,2,man
894,3,that
894,4,admires
894,5,john
894,6,likes
894,7,annie
895,1,a
895,2,man
895,3,that
895,4,a
895,5,john
895,6,likes
895,7,monet
896,1,a
896,2,man
896,3,that
896,4,admires
896,5,john
896,6,man
896,7,john
897,1,a
897,2,man
897,3,that
897,4,annie
897,5,john
897,6,admires
897,7,annie
898,1,a
898,2,man
898,3,that
898,4,admires
898,5,woman
898,6,admires
898,7,monet
899,1,a
899,2,man
899,3,every
899,4,admires
899,5,annie
899,6,likes
899,7,john
900,1,a
900,2,every
900,3,that
900,4,admires
900,5,annie
900,6,likes
900,7,annie
901,1,a
901,2,man
901,3,that
901,4,admires
901,5,annie
901,6,likes
901,7,admires
902,1,admires
902,2,man
902,3,that
902,4,admires
902,5,annie
902,6,admires
902,7,john
903,1,annie
903,2,man
903,3,that
903,4,admires
903,5,annie
903,6,admires
903,7,annie
904,1,john
904,2,man
904,3,that
904,4,admires
904,5,annie
904,6,admires
904,7,monet
905,1,a
905,2,man
905,3,that
905,4,admires
905,5,monet
905,6,john
905,7,john
906,1,a
906,2,a
906,3,that
906,4,admires
906,5,monet
906,6,likes
906,7,annie
907,1,a
907,2,man
907,3,that
907,4,admires
907,5,monet
907,6,man
907,7,monet
908,1,a
908,2,man
908,3,paints
908,4,admires
908,5,monet
908,6,admires
908,7,john
909,1,a
909,2,man
909,3,woman
909,4,admires
909,5,monet
909,6,admires
909,7,annie
910,1,a
910,2,man
910,3,that
910,4,admires
910,5,every
910,6,admires
910,7,monet
911,1,a
911,2,man
911,3,that
911,4,paints
911,5,john
911,6,every
911,7,man
912,1,admires
912,2,man
912,3,that
912,4,paints
912,5,likes
912,6,every
912,7,woman
913,1,a
913,2,admires
913,3,that
913,4,paints
913,5,likes
913,6,a
913,7,man
914,1,a
914,2,man
914,3,that
914,4,paints
914,5,likes
914,6,a
914,7,paints
915,1,a
915,2,man
915,3,that
915,4,paints
915,5,admires
915,6,every
915,7,john
916,1,a
916,2,man
916,3,john
916,4,paints
916,5,admires
916,6,every
916,7,woman
917,1,a
917,2,man
917,3,that
917,4,man
917,5,admires
917,6,a
917,7,man
918,1,a
918,2,man
918,3,that
918,4,a
918,5,admires
918,6,a
918,7,woman
919,1,a
919,2,every
919,3,likes
919,4,every
919,5,man
919,6,that
919,7,paints
920,1,a
920,2,man
920,3,likes
920,4,monet
920,5,woman
920,6,that
920,7,paints
921,1,a
921,2,man
921,3,likes
921,4,a
921,5,man
921,6,a
921,7,paints
922,1,a
922,2,man
922,3,likes
922,4,a
922,5,woman
922,6,that
922,7,john
923,1,a
923,2,man
923,3,admires
923,4,every
923,5,man
923,6,monet
923,7,paints
924,1,a
924,2,man
924,3,paints
924,4,every
924,5,woman
924,6,that
924,7,paints
925,1,a
925,2,man
925,3,admires
925,4,likes
925,5,man
925,6,that
925,7,paints
926,1,a
926,2,man
926,3,admires
926,4,a
926,5,woman
926,6,every
926,7,paints
927,1,a
927,2,woman
927,3,a
927,4,likes
927,5,every
927,6,man
927,7,paints
928,1,john
928,2,woman
928,3,that
928,4,likes
928,5,every
928,6,woman
928,7,paints
929,1,a
929,2,that
929,3,that
929,4,likes
929,5,a
929,6,man
929,7,paints
930,1,a
930,2,likes
930,3,that
930,4,likes
930,5,a
930,6,woman
930,7,paints
931,1,a
931,2,woman
931,3,that
931,4,likes
931,5,john
931,6,likes
931,7,paints
932,1,a
932,2,woman
932,3,that
932,4,likes
932,5,john
932,6,woman
932,7,annie
933,1,admires
933,2,woman
933,3,that
933,4,likes
933,5,john
933,6,likes
933,7,monet
934,1,john
934,2,woman
934,3,that
934,4,likes
934,5,john
934,6,admires
934,7,john
935,1,admires
935,2,woman
935,3,that
935,4,likes
935,5,john
935,6,admires
935,7,annie
936,1,a
936,2,woman
936,3,that
936,4,annie
936,5,john
936,6,admires
936,7,monet
937,1,a
937,2,woman
937,3,that
937,4,likes
937,5,annie
937,6,that
937,7,john
938,1,a
938,2,that
938,3,that
938,4,likes
938,5,annie
938,6,likes
938,7,annie
939,1,a
939,2,woman
939,3,that
939,4,paints
939,5,annie
939,6,likes
939,7,monet
940,1,a
940,2,woman
940,3,that
940,4,likes
940,5,annie
940,6,admires
940,7,every
941,1,a
941,2,woman
941,3,that
941,4,likes
941,5,woman
941,6,admires
941,7,annie
942,1,a
942,2,a
942,3,that
942,4,likes
942,5,annie
942,6,admires
942,7,monet
943,1,a
943,2,woman
943,3,that
943,4,likes
943,5,monet
943,6,monet
943,7,john
944,1,a
944,2,admires
944,3,that
944,4,likes
944,5,monet
944,6,likes
944,7,annie
945,1,a
945,2,woman
945,3,that
945,4,man
945,5,monet
945,6,likes
945,7,monet
946,1,a
946,2,woman
946,3,that
946,4,likes
946,5,likes
946,6,admires
946,7,john
947,1,a
947,2,woman
947,3,that
947,4,paints
947,5,monet
947,6,admires
947,7,annie
948,1,a
948,2,woman
948,3,that
948,4,likes
948,5,monet
948,6,admires
948,7,paints
949,1,a
949,2,john
949,3,that
949,4,admires
949,5,every
949,6,man
949,7,paints
950,1,a
950,2,woman
950,3,that
950,4,admires
950,5,that
950,6,woman
950,7,paints
951,1,a
951,2,woman
951,3,that
951,4,john
951,5,a
951,6,man
951,7,paints
952,1,likes
952,2,woman
952,3,that
952,4,admires
952,5,a
952,6,woman
952,7,paints
953,1,john
953,2,woman
953,3,that
953,4,admires
953,5,john
953,6,likes
953,7,john
954,1,monet
954,2,woman
954,3,that
954,4,admires
954,5,john
954,6,likes
954,7,annie
955,1,a
955,2,woman
955,3,that
955,4,admires
955,5,paints
955,6,likes
955,7,monet
956,1,a
956,2,admires
956,3,that
956,4,admires
956,5,john
956,6,admires
956,7,john
957,1,a
957,2,woman
957,3,that
957,4,admires
957,5,john
957,6,monet
957,7,annie
958,1,a
958,2,woman
958,3,that
958,4,admires
958,5,john
958,6,admires
958,7,paints
959,1,a
959,2,woman
959,3,that
959,4,admires
959,5,annie
959,6,monet
959,7,john
960,1,a
960,2,woman
960,3,that
960,4,admires
960,5,annie
960,6,annie
960,7,annie
961,1,a
961,2,woman
961,3,that
961,4,admires
961,5,woman
961,6,likes
961,7,monet
962,1,admires
962,2,woman
962,3,that
962,4,admires
962,5,annie
962,6,admires
962,7,john
963,1,that
963,2,woman
963,3,that
963,4,admires
963,5,annie
963,6,admires
963,7,annie
964,1,likes
964,2,woman
964,3,that
964,4,admires
964,5,annie
964,6,admires
964,7,monet
965,1,a
965,2,annie
965,3,that
965,4,admires
965,5,monet
965,6,likes
965,7,john
966,1,a
966,2,woman
966,3,that
966,4,admires
966,5,monet
966,6,likes
966,7,every
967,1,admires
967,2,woman
967,3,that
967,4,admires
967,5,monet
967,6,likes
967,7,monet
968,1,a
968,2,woman
968,3,that
968,4,woman
968,5,monet
968,6,admires
968,7,john
969,1,a
969,2,woman
969,3,woman
969,4,admires
969,5,monet
969,6,admires
969,7,annie
970,1,admires
970,2,woman
970,3,that
970,4,admires
970,5,monet
970,6,admires
970,7,monet
971,1,a
971,2,woman
971,3,that
971,4,paints
971,5,likes
971,6,every
971,7,annie
972,1,a
972,2,woman
972,3,that
972,4,admires
972,5,likes
972,6,every
972,7,woman
973,1,a
973,2,woman
973,3,that
973,4,a
973,5,likes
973,6,a
973,7,man
974,1,a
974,2,woman
974,3,that
974,4,paints
974,5,likes
974,6,a
974,7,monet
975,1,a
975,2,woman
975,3,that
975,4,paints
975,5,admires
975,6,every
975,7,a
976,1,a
976,2,annie
976,3,that
976,4,paints
976,5,admires
976,6,every
976,7,woman
977,1,a
977,2,woman
977,3,that
977,4,paints
977,5,admires
977,6,a
977,7,annie
978,1,a
978,2,woman
978,3,that
978,4,paints
978,5,paints
978,6,a
978,7,woman
979,1,a
979,2,woman
979,3,likes
979,4,every
979,5,man
979,6,that
979,7,a
980,1,a
980,2,paints
980,3,likes
980,4,every
980,5,woman
980,6,that
980,7,paints
981,1,a
981,2,admires
981,3,likes
981,4,a
981,5,man
981,6,that
981,7,paints
982,1,a
982,2,woman
982,3,paints
982,4,a
982,5,woman
982,6,that
982,7,paints
983,1,a
983,2,woman
983,3,admires
983,4,every
983,5,every
983,6,that
983,7,paints
984,1,a
984,2,annie
984,3,admires
984,4,every
984,5,woman
984,6,that
984,7,paints
985,1,a
985,2,woman
985,3,annie
985,4,a
985,5,man
985,6,that
985,7,paints
986,1,a
986,2,woman
986,3,that
986,4,a
986,5,woman
986,6,that
986,7,paints
987,1,paints
987,2,likes
987,3,every
987,4,man
987,5,that
987,6,likes
987,7,john
988,1,john
988,2,likes
988,3,every
988,4,likes
988,5,that
988,6,likes
988,7,annie
989,1,john
989,2,likes
989,3,that
989,4,man
989,5,that
989,6,likes
989,7,monet
990,1,john
990,2,likes
990,3,every
990,4,man
990,5,that
990,6,annie
990,7,john
991,1,john
991,2,likes
991,3,every
991,4,paints
991,5,that
991,6,admires
991,7,annie
992,1,john
992,2,likes
992,3,man
992,4,man
992,5,that
992,6,admires
992,7,monet
993,1,john
993,2,woman
993,3,every
993,4,woman
993,5,that
993,6,likes
993,7,john
994,1,john
994,2,likes
994,3,every
994,4,woman
994,5,that
994,6,paints
994,7,annie
995,1,john
995,2,likes
995,3,every
995,4,woman
995,5,a
995,6,likes
995,7,monet
996,1,john
996,2,likes
996,3,every
996,4,woman
996,5,annie
996,6,admires
996,7,john
997,1,woman
997,2,likes
997,3,every
997,4,woman
997,5,that
997,6,admires
997,7,annie
998,1,john
998,2,likes
998,3,every
998,4,woman
998,5,that
998,6,monet
998,7,monet
999,1,john
999,2,likes
999,3,a
999,4,man
999,5,monet
999,6,likes
999,7,john
1000,1,john
1000,2,likes
1000,3,a
1000,4,a
1000,5,that
1000,6,likes
1000,7,annie
1001,1,john
1001,2,paints
1001,3,a
1001,4,man
1001,5,that
1001,6,likes
1001,7,monet
1002,1,john
1002,2,likes
1002,3,a
1002,4,man
1002,5,that
1002,6,every
1002,7,john
1003,1,every
1003,2,likes
1003,3,a
1003,4,man
1003,5,that
1003,6,admires
1003,7,annie
1004,1,john
1004,2,monet
1004,3,a
1004,4,man
1004,5,that
1004,6,admires
1004,7,monet
1005,1,john
1005,2,annie
1005,3,a
1005,4,woman
1005,5,that
1005,6,likes
1005,7,john
1006,1,woman
1006,2,likes
1006,3,a
1006,4,woman
1006,5,that
1006,6,likes
1006,7,annie
1007,1,paints
1007,2,likes
1007,3,a
1007,4,woman
1007,5,that
1007,6,likes
1007,7,monet
1008,1,john
1008,2,likes
1008,3,a
1008,4,woman
1008,5,admires
1008,6,admires
1008,7,john
1009,1,john
1009,2,that
1009,3,a
1009,4,woman
1009,5,that
1009,6,admires
1009,7,annie
1010,1,john
1010,2,likes
1010,3,john
1010,4,woman
1010,5,that
1010,6,admires
1010,7,monet
1011,1,that
1011,2,admires
1011,3,every
1011,4,man
1011,5,that
1011,6,likes
1011,7,john
1012,1,john
1012,2,admires
1012,3,every
1012,4,man
1012,5,paints
1012,6,likes
1012,7,annie
1013,1,john
1013,2,admires
1013,3,every
1013,4,man
1013,5,that
1013,6,likes
1013,7,every
1014,1,john
1014,2,admires
1014,3,every
1014,4,monet
1014,5,that
1014,6,admires
1014,7,john
1015,1,john
1015,2,admires
1015,3,every
1015,4,man
1015,5,that
1015,6,admires
1015,7,paints
1016,1,john
1016,2,admires
1016,3,every
1016,4,a
1016,5,that
1016,6,admires
1016,7,monet
1017,1,john
1017,2,admires
1017,3,every
1017,4,woman
1017,5,that
1017,6,likes
1017,7,that
1018,1,john
1018,2,admires
1018,3,admires
1018,4,woman
1018,5,that
1018,6,likes
1018,7,annie
1019,1,john
1019,2,admires
1019,3,every
1019,4,woman
1019,5,a
1019,6,likes
1019,7,monet
1020,1,john
1020,2,paints
1020,3,every
1020,4,woman
1020,5,that
1020,6,admires
1020,7,john
1021,1,john
1021,2,admires
1021,3,every
1021,4,woman
1021,5,that
1021,6,monet
1021,7,annie
1022,1,john
1022,2,admires
1022,3,admires
1022,4,woman
1022,5,that
1022,6,admires
1022,7,monet
1023,1,john
1023,2,admires
1023,3,a
1023,4,man
1023,5,that
1023,6,a
1023,7,john
1024,1,john
1024,2,admires
1024,3,a
1024,4,man
1024,5,man
1024,6,likes
1024,7,annie
1025,1,likes
1025,2,admires
1025,3,a
1025,4,man
1025,5,that
1025,6,likes
1025,7,monet
1026,1,john
1026,2,admires
1026,3,a
1026,4,a
1026,5,that
1026,6,admires
1026,7,john
1027,1,a
1027,2,admires
1027,3,a
1027,4,man
1027,5,that
1027,6,admires
1027,7,annie
1028,1,every
1028,2,admires
1028,3,a
1028,4,man
1028,5,that
1028,6,admires
1028,7,monet
1029,1,john
1029,2,admires
1029,3,a
1029,4,woman
1029,5,that
1029,6,likes
1029,7,every
1030,1,john
1030,2,admires
1030,3,a
1030,4,annie
1030,5,that
1030,6,likes
1030,7,annie
1031,1,john
1031,2,admires
1031,3,a
1031,4,woman
1031,5,that
1031,6,likes
1031,7,a
1032,1,john
1032,2,admires
1032,3,a
1032,4,woman
1032,5,every
1032,6,admires
1032,7,john
1033,1,john
1033,2,admires
1033,3,annie
1033,4,woman
1033,5,that
1033,6,admires
1033,7,annie
1034,1,john
1034,2,admires
1034,3,a
1034,4,that
1034,5,that
1034,6,admires
1034,7,monet
1035,1,annie
1035,2,likes
1035,3,every
1035,4,man
1035,5,that
1035,6,man
1035,7,john
1036,1,annie
1036,2,likes
1036,3,every
1036,4,man
1036,5,that
1036,6,every
1036,7,annie
1037,1,annie
1037,2,likes
1037,3,every
1037,4,man
1037,5,annie
1037,6,likes
1037,7,monet
1038,1,man
1038,2,likes
1038,3,every
1038,4,man
1038,5,that
1038,6,admires
1038,7,john
1039,1,annie
1039,2,likes
1039,3,every
1039,4,admires
1039,5,that
1039,6,admires
1039,7,annie
1040,1,annie
1040,2,likes
1040,3,every
1040,4,man
1040,5,that
1040,6,admires
1040,7,paints
1041,1,annie
1041,2,likes
1041,3,every
1041,4,woman
1041,5,that
1041,6,that
1041,7,john
1042,1,annie
1042,2,likes
1042,3,every
1042,4,paints
1042,5,that
1042,6,likes
1042,7,annie
1043,1,annie
1043,2,likes
1043,3,every
1043,4,every
1043,5,that
1043,6,likes
1043,7,monet
1044,1,a
1044,2,likes
1044,3,every
1044,4,woman
1044,5,that
1044,6,admires
1044,7,john
1045,1,annie
1045,2,likes
1045,3,every
1045,4,woman
1045,5,that
1045,6,admires
1045,7,every
1046,1,annie
1046,2,likes
1046,3,every
1046,4,woman
1046,5,that
1046,6,admires
1046,7,admires
1047,1,annie
1047,2,likes
1047,3,a
1047,4,man
1047,5,that
1047,6,a
1047,7,john
1048,1,annie
1048,2,likes
1048,3,a
1048,4,man
1048,5,that
1048,6,likes
1048,7,that
1049,1,man
1049,2,likes
1049,3,a
1049,4,man
1049,5,that
1049,6,likes
1049,7,monet
1050,1,annie
1050,2,likes
1050,3,a
1050,4,man
1050,5,likes
1050,6,admires
1050,7,john
1051,1,annie
1051,2,likes
1051,3,a
1051,4,admires
1051,5,that
1051,6,admires
1051,7,annie
1052,1,annie
1052,2,likes
1052,3,man
1052,4,man
1052,5,that
1052,6,admires
1052,7,monet
1053,1,annie
1053,2,likes
1053,3,a
1053,4,woman
1053,5,that
1053,6,likes
1053,7,man
1054,1,paints
1054,2,likes
1054,3,a
1054,4,woman
1054,5,that
1054,6,likes
1054,7,annie
1055,1,annie
1055,2,likes
1055,3,a
1055,4,admires
1055,5,that
1055,6,likes
1055,7,monet
1056,1,annie
1056,2,likes
1056,3,a
1056,4,woman
1056,5,man
1056,6,admires
1056,7,john
1057,1,annie
1057,2,a
1057,3,a
1057,4,woman
1057,5,that
1057,6,admires
1057,7,annie
1058,1,annie
1058,2,every
1058,3,a
1058,4,woman
1058,5,that
1058,6,admires
1058,7,monet
1059,1,annie
1059,2,a
1059,3,every
1059,4,man
1059,5,that
1059,6,likes
1059,7,john
1060,1,annie
1060,2,admires
1060,3,that
1060,4,man
1060,5,that
1060,6,likes
1060,7,annie
1061,1,annie
1061,2,admires
1061,3,every
1061,4,man
1061,5,that
1061,6,paints
1061,7,monet
1062,1,annie
1062,2,monet
1062,3,every
1062,4,man
1062,5,that
1062,6,admires
1062,7,john
1063,1,annie
1063,2,every
1063,3,every
1063,4,man
1063,5,that
1063,6,admires
1063,7,annie
1064,1,annie
1064,2,admires
1064,3,every
1064,4,man
1064,5,that
1064,6,john
1064,7,monet
1065,1,annie
1065,2,admires
1065,3,every
1065,4,every
1065,5,that
1065,6,likes
1065,7,john
1066,1,annie
1066,2,annie
1066,3,every
1066,4,woman
1066,5,that
1066,6,likes
1066,7,annie
1067,1,annie
1067,2,admires
1067,3,woman
1067,4,woman
1067,5,that
1067,6,likes
1067,7,monet
1068,1,annie
1068,2,admires
1068,3,every
1068,4,woman
1068,5,that
1068,6,every
1068,7,john
1069,1,annie
1069,2,every
1069,3,every
1069,4,woman
1069,5,that
1069,6,admires
1069,7,annie
1070,1,annie
1070,2,admires
1070,3,every
1070,4,woman
1070,5,that
1070,6,that
1070,7,monet
1071,1,annie
1071,2,man
1071,3,a
1071,4,man
1071,5,that
1071,6,likes
1071,7,john
1072,1,annie
1072,2,annie
1072,3,a
1072,4,man
1072,5,that
1072,6,likes
1072,7,annie
1073,1,annie
1073,2,admires
1073,3,a
1073,4,man
1073,5,that
1073,6,john
1073,7,monet
1074,1,annie
1074,2,admires
1074,3,a
1074,4,monet
1074,5,that
1074,6,admires
1074,7,john
1075,1,annie
1075,2,admires
1075,3,a
1075,4,man
1075,5,john
1075,6,admires
1075,7,annie
1076,1,annie
1076,2,admires
1076,3,a
1076,4,man
1076,5,that
1076,6,admires
1076,7,a
1077,1,annie
1077,2,woman
1077,3,a
1077,4,woman
1077,5,that
1077,6,likes
1077,7,john
1078,1,annie
1078,2,admires
1078,3,a
1078,4,woman
1078,5,that
1078,6,likes
1078,7,that
1079,1,annie
1079,2,admires
1079,3,a
1079,4,woman
1079,5,that
1079,6,man
1079,7,monet
1080,1,annie
1080,2,admires
1080,3,likes
1080,4,woman
1080,5,that
1080,6,admires
1080,7,john
1081,1,that
1081,2,admires
1081,3,a
1081,4,woman
1081,5,that
1081,6,admires
1081,7,annie
1082,1,annie
1082,2,paints
1082,3,a
1082,4,woman
1082,5,that
1082,6,admires
1082,7,monet
1083,1,monet
1083,2,likes
1083,3,every
1083,4,man
1083,5,that
1083,6,likes
1083,7,woman
1084,1,monet
1084,2,likes
1084,3,every
1084,4,man
1084,5,that
1084,6,likes
1084,7,man
1085,1,monet
1085,2,likes
1085,3,woman
1085,4,man
1085,5,that
1085,6,likes
1085,7,monet
1086,1,monet
1086,2,likes
1086,3,woman
1086,4,man
1086,5,that
1086,6,admires
1086,7,john
1087,1,monet
1087,2,likes
1087,3,every
1087,4,man
1087,5,admires
1087,6,admires
1087,7,annie
1088,1,admires
1088,2,likes
1088,3,every
1088,4,man
1088,5,that
1088,6,admires
1088,7,monet
1089,1,that
1089,2,likes
1089,3,every
1089,4,woman
1089,5,that
1089,6,likes
1089,7,john
1090,1,monet
1090,2,likes
1090,3,every
1090,4,woman
1090,5,that
1090,6,man
1090,7,annie
1091,1,monet
1091,2,likes
1091,3,every
1091,4,woman
1091,5,that
1091,6,likes
1091,7,likes
1092,1,monet
1092,2,likes
1092,3,every
1092,4,woman
1092,5,that
1092,6,a
1092,7,john
1093,1,monet
1093,2,likes
1093,3,every
1093,4,paints
1093,5,that
1093,6,admires
1093,7,annie
1094,1,admires
1094,2,likes
1094,3,every
1094,4,woman
1094,5,that
1094,6,admires
1094,7,monet
1095,1,woman
1095,2,likes
1095,3,a
1095,4,man
1095,5,that
1095,6,likes
1095,7,john
1096,1,monet
1096,2,likes
1096,3,a
1096,4,annie
1096,5,that
1096,6,likes
1096,7,annie
1097,1,monet
1097,2,likes
1097,3,a
1097,4,man
1097,5,that
1097,6,a
1097,7,monet
1098,1,monet
1098,2,a
1098,3,a
1098,4,man
1098,5,that
1098,6,admires
1098,7,john
1099,1,monet
1099,2,john
1099,3,a
1099,4,man
1099,5,that
1099,6,admires
1099,7,annie
1100,1,monet
1100,2,likes
1100,3,a
1100,4,every
1100,5,that
1100,6,admires
1100,7,monet
1101,1,monet
1101,2,monet
1101,3,a
1101,4,woman
1101,5,that
1101,6,likes
1101,7,john
1102,1,monet
1102,2,likes
1102,3,that
1102,4,woman
1102,5,that
1102,6,likes
1102,7,annie
1103,1,admires
1103,2,likes
1103,3,a
1103,4,woman
1103,5,that
1103,6,likes
1103,7,monet
1104,1,monet
1104,2,likes
1104,3,a
1104,4,woman
1104,5,paints
1104,6,admires
1104,7,john
1105,1,woman
1105,2,likes
1105,3,a
1105,4,woman
1105,5,that
1105,6,admires
1105,7,annie
1106,1,monet
1106,2,likes
1106,3,a
1106,4,woman
1106,5,paints
1106,6,admires
1106,7,monet
1107,1,a
1107,2,admires
1107,3,every
1107,4,man
1107,5,that
1107,6,likes
1107,7,john
1108,1,monet
1108,2,admires
1108,3,every
1108,4,man
1108,5,man
1108,6,likes
1108,7,annie
1109,1,monet
1109,2,admires
1109,3,every
1109,4,man
1109,5,that
1109,6,likes
1109,7,likes
1110,1,monet
1110,2,admires
1110,3,annie
1110,4,man
1110,5,that
1110,6,admires
1110,7,john
1111,1,monet
1111,2,admires
1111,3,man
1111,4,man
1111,5,that
1111,6,admires
1111,7,annie
1112,1,monet
1112,2,admires
1112,3,every
1112,4,man
1112,5,that
1112,6,man
1112,7,monet
1113,1,monet
1113,2,admires
1113,3,every
1113,4,woman
1113,5,monet
1113,6,likes
1113,7,john
1114,1,monet
1114,2,admires
1114,3,every
1114,4,woman
1114,5,that
1114,6,likes
1114,7,paints
1115,1,monet
1115,2,admires
1115,3,every
1115,4,woman
1115,5,that
1115,6,paints
1115,7,monet
1116,1,monet
1116,2,admires
1116,3,every
1116,4,likes
1116,5,that
1116,6,admires
1116,7,john
1117,1,monet
1117,2,admires
1117,3,every
1117,4,woman
1117,5,that
1117,6,every
1117,7,annie
1118,1,that
1118,2,admires
1118,3,every
1118,4,woman
1118,5,that
1118,6,admires
1118,7,monet
1119,1,monet
1119,2,admires
1119,3,a
1119,4,man
1119,5,that
1119,6,likes
1119,7,that
1120,1,monet
1120,2,admires
1120,3,a
1120,4,man
1120,5,that
1120,6,likes
1120,7,paints
1121,1,monet
1121,2,admires
1121,3,a
1121,4,man
1121,5,annie
1121,6,likes
1121,7,monet
1122,1,monet
1122,2,admires
1122,3,a
1122,4,man
1122,5,that
1122,6,monet
1122,7,john
1123,1,monet
1123,2,admires
1123,3,a
1123,4,man
1123,5,that
1123,6,man
1123,7,annie
1124,1,monet
1124,2,admires
1124,3,that
1124,4,man
1124,5,that
1124,6,admires
1124,7,monet
1125,1,monet
1125,2,admires
1125,3,a
1125,4,a
1125,5,that
1125,6,likes
1125,7,john
1126,1,monet
1126,2,woman
1126,3,a
1126,4,woman
1126,5,that
1126,6,likes
1126,7,annie
1127,1,monet
1127,2,admires
1127,3,a
1127,4,woman
1127,5,that
1127,6,likes
1127,7,every
1128,1,monet
1128,2,that
1128,3,a
1128,4,woman
1128,5,that
1128,6,admires
1128,7,john
1129,1,monet
1129,2,admires
1129,3,a
1129,4,paints
1129,5,that
1129,6,admires
1129,7,annie
1130,1,monet
1130,2,admires
1130,3,a
1130,4,woman
1130,5,john
1130,6,admires
1130,7,monet
